1 2 Error occurred at (2000, 1, 1, 0, 0, 1, 5, 1)
1 2 3 4 5 6 
1 2 Error occurred at (2000, 1, 1, 0, 0, 31, 5, 1)
1 2 3 4 5 6 
1 2 Error occurred at (2000, 1, 1, 0, 1, 1, 5, 1)
1 2 Error occurred at (2000, 1, 1, 0, 1, 2, 5, 1)
1 2 3 4 5 6 
1 2 Error occurred at (2000, 1, 1, 0, 1, 31, 5, 1)
1 2 3 4 5 6 
1 2 Error occurred at (2000, 1, 1, 0, 2, 1, 5, 1)
1 2 3 4 5 6 
1 2 Error occurred at (2000, 1, 1, 0, 2, 30, 5, 1)
1 2 3 4 5 6 
1 2 Error occurred at (2000, 1, 1, 0, 2, 59, 5, 1)
1 2 3 4 5 6 
1 2 3 4 5 6 
1 2 Error occurred at (2000, 1, 1, 0, 3, 57, 5, 1)
1 2 3 4 5 6 
1 2 Error occurred at (2000, 1, 1, 0, 4, 26, 5, 1)
1 2 3 4 5 6 
1 2 3 4 5 6 
1 2 Error occurred at (2000, 1, 1, 0, 5, 23, 5, 1)
1 2 3 4 5 6 
1 2 3 4 5 6 
1 2 3 4 5 6 
1 2 Error occurred at (2000, 1, 1, 0, 6, 50, 5, 1)
1 2 3 4 5 6 
1 2 3 4 5 6 
1 2 3 4 5 6 
1 2 Error occurred at (2000, 1, 1, 0, 8, 16, 5, 1)
1 2 3 4 5 6 
1 2 Error occurred at (2000, 1, 1, 0, 8, 45, 5, 1)
1 2 3 4 5 6 
1 2 3 4 5 6 
1 2 3 4 5 6 
1 2 3 4 5 6 
1 2 3 4 5 6 
1 2 3 4 5 6 
1 2 3 4 5 6 
1 2 3 4 5 6 
1 2 3 4 5 6 
1 2 3 4 5 6 
1 2 3 4 5 6 
1 2 3 4 5 6 
1 2 3 4 5 6 
1 2 3 4 5 6 
1 2 3 4 5 6 
1 2 3 4 5 6 
1 2 3 4 5 6 
1 2 3 4 5 6 
1 2 3 4 5 6 
1 2 3 4 5 6 
1 2 3 4 5 6 
1 2 3 4 5 6 
1 2 3 4 5 6 
1 2 3 4 5 6 
1 2 3 4 5 6 
1 2 3 4 5 6 
1 2 3 4 5 6 
1 2 3 4 5 6 
1 2 3 4 5 6 
1 2 3 4 5 6 
1 2 3 4 5 6 
1 2 3 4 5 6 
1 2 3 4 5 6 
1 2 3 4 5 6 
1 2 3 4 5 6 
1 2 3 4 5 6 
1 2 3 4 5 6 
1 2 3 4 5 6 
1 2 3 4 5 6 
1 2 3 4 5 6 
1 2 3 4 5 6 
1 2 3 4 5 6 
1 2 3 4 5 6 
1 2 3 4 5 6 
1 2 3 4 5 6 
1 2 3 4 5 6 
1 2 3 4 5 6 
1 2 3 4 5 6 
1 2 3 4 5 6 
1 2 3 4 5 6 
1 2 3 4 5 6 
1 2 3 4 5 6 
1 2 3 4 5 6 
1 2 3 4 5 6 
1 2 3 4 5 6 
1 2 3 4 5 6 
1 2 3 4 5 6 
1 2 3 4 5 6 
1 2 3 4 5 6 
1 2 3 4 5 6 
1 2 3 4 5 6 
1 2 3 4 5 6 
1 2 3 4 5 6 
1 2 3 4 5 6 
1 2 3 4 5 6 
1 2 3 4 5 6 
1 2 3 4 5 6 
1 2 3 4 5 6 
1 2 3 4 5 6 
1 2 3 4 5 6 
1 2 3 4 5 6 
1 2 3 4 5 6 
1 2 3 4 5 6 
1 2 3 4 5 6 
1 2 3 4 5 6 
1 2 3 4 5 6 
1 2 3 4 5 6 
1 2 3 4 5 6 
1 2 3 4 5 6 
1 2 3 4 5 6 
1 2 3 4 5 6 
1 2 3 4 5 6 
1 2 3 4 5 6 
1 2 3 4 5 6 
1 2 3 4 5 6 
1 2 3 4 5 6 
1 2 3 4 5 6 
1 2 3 4 5 6 
1 2 3 4 5 6 
1 2 3 4 5 6 
1 2 3 4 5 6 
1 2 3 4 5 6 
1 2 3 4 5 6 
1 2 Error occurred at (2000, 1, 1, 0, 53, 32, 5, 1)
1 2 Error occurred at (2000, 1, 1, 0, 53, 33, 5, 1)
1 2 Error occurred at (2000, 1, 1, 0, 53, 34, 5, 1)
1 2 3 4 5 6 
1 2 Error occurred at (2000, 1, 1, 0, 54, 4, 5, 1)
1 2 3 4 5 6 
1 2 Error occurred at (2000, 1, 1, 0, 54, 34, 5, 1)
1 2 Error occurred at (2000, 1, 1, 0, 54, 36, 5, 1)
1 2 Error occurred at (2000, 1, 1, 0, 54, 37, 5, 1)
1 2 Error occurred at (2000, 1, 1, 0, 54, 38, 5, 1)
1 2 3 4 5 6 
1 2 Error occurred at (2000, 1, 1, 0, 55, 9, 5, 1)
1 2 3 4 5 6 
1 2 3 4 5 6 
1 2 3 4 5 6 
1 2 Error occurred at (2000, 1, 1, 0, 56, 36, 5, 1)
1 2 3 4 5 6 
1 2 Error occurred at (2000, 1, 1, 0, 57, 5, 5, 1)
1 2 3 4 5 6 
1 2 3 4 5 6 
1 2 Error occurred at (2000, 1, 1, 0, 58, 4, 5, 1)
1 2 3 4 5 6 
1 2 Error occurred at (2000, 1, 1, 0, 58, 34, 5, 1)
1 2 3 4 5 6 
1 2 Error occurred at (2000, 1, 1, 0, 59, 3, 5, 1)
1 2 3 4 5 6 
1 2 Error occurred at (2000, 1, 1, 0, 59, 34, 5, 1)
1 2 3 4 5 6 
1 2 Error occurred at (2000, 1, 1, 1, 0, 3, 5, 1)
1 2 Error occurred at (2000, 1, 1, 1, 0, 5, 5, 1)
1 2 3 4 5 6 
1 2 Error occurred at (2000, 1, 1, 1, 0, 34, 5, 1)
1 2 3 4 5 6 
1 2 Error occurred at (2000, 1, 1, 1, 1, 3, 5, 1)
1 2 3 4 5 6 
1 2 Error occurred at (2000, 1, 1, 1, 1, 33, 5, 1)
1 2 3 4 5 6 
1 2 Error occurred at (2000, 1, 1, 1, 2, 2, 5, 1)
1 2 3 4 5 6 
1 2 3 4 5 6 
1 2 Error occurred at (2000, 1, 1, 1, 3, 2, 5, 1)
1 2 3 4 5 6 
1 2 Error occurred at (2000, 1, 1, 1, 3, 31, 5, 1)
1 2 3 4 5 6 
1 2 Error occurred at (2000, 1, 1, 1, 4, 0, 5, 1)
1 2 3 4 5 6 
1 2 Error occurred at (2000, 1, 1, 1, 4, 30, 5, 1)
1 2 3 4 5 6 
1 2 3 4 5 6 
1 2 Error occurred at (2000, 1, 1, 1, 5, 28, 5, 1)
1 2 3 4 5 6 
1 2 Error occurred at (2000, 1, 1, 1, 5, 58, 5, 1)
1 2 3 4 5 6 
1 2 Error occurred at (2000, 1, 1, 1, 6, 27, 5, 1)
1 2 3 4 5 6 
1 2 3 4 5 6 
1 2 3 4 5 6 
1 2 3 4 5 6 
1 2 3 4 5 6 
1 2 Error occurred at (2000, 1, 1, 1, 8, 54, 5, 1)
1 2 3 4 5 6 
1 2 3 4 5 6 
1 2 Error occurred at (2000, 1, 1, 1, 9, 52, 5, 1)
1 2 3 4 5 6 
1 2 Error occurred at (2000, 1, 1, 1, 10, 21, 5, 1)
1 2 3 4 5 6 
1 2 Error occurred at (2000, 1, 1, 1, 10, 50, 5, 1)
1 2 3 4 5 6 
1 2 3 4 5 6 
1 2 Error occurred at (2000, 1, 1, 1, 11, 47, 5, 1)
1 2 3 4 5 6 
1 2 Error occurred at (2000, 1, 1, 1, 12, 16, 5, 1)
1 2 3 4 5 6 
1 2 3 4 5 6 
1 2 3 4 5 6 
1 2 3 4 5 6 
1 2 3 4 5 6 
1 2 3 4 5 6 
1 2 3 4 5 6 
1 2 3 4 5 6 
1 2 3 4 5 6 
1 2 3 4 5 6 
1 2 3 4 5 6 
1 2 3 4 5 6 
1 2 3 4 5 6 
1 2 3 4 5 6 
1 2 3 4 5 6 
1 2 3 4 5 6 
1 2 3 4 5 6 
1 2 3 4 5 6 
1 2 3 4 5 6 
1 2 3 4 5 6 
1 2 3 4 5 6 
1 2 3 4 5 6 
1 2 3 4 5 6 
1 2 3 4 5 6 
1 2 3 4 5 6 
1 2 3 4 5 6 
1 2 3 4 5 6 
1 2 3 4 5 6 
1 2 3 4 5 6 
1 2 3 4 5 6 
1 2 3 4 5 6 
1 2 3 4 5 6 
1 2 3 4 5 6 
1 2 3 4 5 6 
1 2 3 4 5 6 
1 2 3 4 5 6 
1 2 3 4 5 6 
1 2 3 4 5 6 
1 2 3 4 5 6 
1 2 3 4 5 6 
1 2 3 4 5 6 
1 2 3 4 5 6 
1 2 3 4 5 6 
1 2 3 4 5 6 
1 2 3 4 5 6 
1 2 3 4 5 6 
1 2 3 4 5 6 
1 2 3 4 5 6 
1 2 3 4 5 6 
1 2 3 4 5 6 
1 2 3 4 5 6 
1 2 3 4 5 6 
1 2 3 4 5 6 
1 2 3 4 5 6 
1 2 3 4 5 6 
1 2 3 4 5 6 
1 2 3 4 5 6 
1 2 3 4 5 6 
1 2 3 4 5 6 
1 2 3 4 5 6 
1 2 3 4 5 6 
1 2 Error occurred at (2000, 1, 1, 1, 41, 32, 5, 1)
1 2 3 4 5 6 
1 2 3 4 5 6 
1 2 3 4 5 6 
1 2 3 4 5 6 
1 2 3 4 5 6 
1 2 3 4 5 6 
1 2 3 4 5 6 
1 2 3 4 5 6 
1 2 3 4 5 6 
1 2 3 4 5 6 
1 2 3 4 5 6 
1 2 3 4 5 6 
1 2 3 4 5 6 
1 2 3 4 5 6 
1 2 3 4 5 6 
1 2 3 4 5 6 
1 2 3 4 5 6 
1 2 3 4 5 6 
1 2 3 4 5 6 
1 2 3 4 5 6 
1 2 3 4 5 6 
1 2 3 4 5 6 
1 2 3 4 5 6 
1 2 3 4 5 6 
1 2 3 4 5 6 
1 2 3 4 5 6 
1 2 3 4 5 6 
1 2 3 4 5 6 
1 2 3 4 5 6 
1 2 3 4 5 6 
1 2 3 4 5 6 
1 2 3 4 5 6 
1 2 3 4 5 6 
1 2 3 4 5 6 
1 2 3 4 5 6 
1 2 3 4 5 6 
1 2 3 4 5 6 
1 2 3 4 5 6 
1 2 3 4 5 6 
1 2 3 4 5 6 
1 2 3 4 5 6 
1 2 3 4 5 6 
1 2 3 4 5 6 
1 2 3 4 5 6 
1 2 3 4 5 6 
1 2 3 4 5 6 
1 2 3 4 5 6 
1 2 3 4 5 6 
1 2 3 4 5 6 
1 2 3 4 5 6 
1 2 3 4 5 6 
1 2 3 4 5 6 
1 2 3 4 5 6 
1 2 3 4 5 6 
1 2 3 4 5 6 
1 2 3 4 5 6 
1 2 3 4 5 6 
1 2 3 4 5 6 
1 2 3 4 5 6 
1 2 3 4 5 6 
1 2 3 4 5 6 
1 2 3 4 5 6 
1 2 3 4 5 6 
1 2 3 4 5 6 
1 2 3 4 5 6 
1 2 3 4 5 6 
1 2 3 4 5 6 
1 2 3 4 5 6 
1 2 3 4 5 6 
1 2 3 4 5 6 
1 2 3 4 5 6 
1 2 3 4 5 6 
1 2 3 4 5 6 
1 2 3 4 5 6 
1 2 3 4 5 6 
1 2 3 4 5 6 
1 2 3 4 5 6 
1 2 3 4 5 6 
1 2 3 4 5 6 
1 2 3 4 5 6 
1 2 3 4 5 6 
1 2 3 4 5 6 
1 2 3 4 5 6 
1 2 3 4 5 6 
1 2 3 4 5 6 
1 2 3 4 5 6 
1 2 3 4 5 6 
1 2 3 4 5 6 
1 2 3 4 5 6 
1 2 3 4 5 6 
1 2 3 4 5 6 
1 2 3 4 5 6 
1 2 3 4 5 6 
1 2 3 4 5 6 
1 2 3 4 5 6 
1 2 3 4 5 6 
1 2 3 4 5 6 
1 2 3 4 5 6 
1 2 3 4 5 6 
1 2 3 4 5 6 
1 2 3 4 5 6 
1 2 3 4 5 6 
1 2 3 4 5 6 
1 2 3 4 5 6 
1 2 3 4 5 6 
1 2 3 4 5 6 
1 2 3 4 5 6 
1 2 3 4 5 6 
1 2 3 4 5 6 
1 2 3 4 5 6 
1 2 3 4 5 6 
1 2 3 4 5 6 
1 2 3 4 5 6 
1 2 3 4 5 6 
1 2 3 4 5 6 
1 2 3 4 5 6 
1 2 3 4 5 6 
1 2 3 4 5 6 
1 2 3 4 5 6 
1 2 3 4 5 6 
1 2 3 4 5 6 
1 2 3 4 5 6 
1 2 3 4 5 6 
1 2 3 4 5 6 
1 2 3 4 5 6 
1 2 3 4 5 6 
1 2 3 4 5 6 
1 2 3 4 5 6 
1 2 3 4 5 6 
1 2 3 4 5 6 
1 2 3 4 5 6 
1 2 3 4 5 6 
1 2 3 4 5 6 
1 2 3 4 5 6 
1 2 3 4 5 6 
1 2 3 4 5 6 
1 2 3 4 5 6 
1 2 3 4 5 6 
1 2 3 4 5 6 
1 2 3 4 5 6 
1 2 3 4 5 6 
1 2 3 4 5 6 
1 2 3 4 5 6 
1 2 3 4 5 6 
1 2 3 4 5 6 
1 2 3 4 5 6 
1 2 3 4 5 6 
1 2 3 4 5 6 
1 2 3 4 5 6 
1 2 3 4 5 6 
1 2 3 4 5 6 
1 2 3 4 5 6 
1 2 3 4 5 6 
1 2 3 4 5 6 
1 2 3 4 5 6 
1 2 3 4 5 6 
1 2 3 4 5 6 
1 2 3 4 5 6 
1 2 3 4 5 6 
1 2 3 4 5 6 
1 2 3 4 5 6 
1 2 3 4 5 6 
1 2 3 4 5 6 
1 2 3 4 5 6 
1 2 3 4 5 6 
1 2 3 4 5 6 
1 2 3 4 5 6 
1 2 3 4 5 6 
1 2 3 4 5 6 
1 2 3 4 5 6 
1 2 3 4 5 6 
1 2 3 4 5 6 
1 2 3 4 5 6 
1 2 3 4 5 6 
1 2 3 4 5 6 
1 2 3 4 5 6 
1 2 3 4 5 6 
1 2 3 4 5 6 
1 2 3 4 5 6 
1 2 3 4 5 6 
1 2 3 4 5 6 
1 2 3 4 5 6 
1 2 3 4 5 6 
1 2 3 4 5 6 
1 2 3 4 5 6 
1 2 3 4 5 6 
1 2 3 4 5 6 
1 2 3 4 5 6 
1 2 3 4 5 6 
1 2 3 4 5 6 
1 2 3 4 5 6 
1 2 3 4 5 6 
1 2 3 4 5 6 
1 2 3 4 5 6 
1 2 3 4 5 6 
1 2 3 4 5 6 
1 2 3 4 5 6 
1 2 3 4 5 6 
1 2 3 4 5 6 
1 2 3 4 5 6 
1 2 3 4 5 6 
1 2 3 4 5 6 
1 2 3 4 5 6 
1 2 3 4 5 6 
1 2 3 4 5 6 
1 2 3 4 5 6 
1 2 3 4 5 6 
1 2 3 4 5 6 
1 2 3 4 5 6 
1 2 3 4 5 6 
1 2 3 4 5 6 
1 2 3 4 5 6 
1 2 3 4 5 6 
1 2 3 4 5 6 
1 2 3 4 5 6 
1 2 3 4 5 6 
1 2 3 4 5 6 
1 2 3 4 5 6 
1 2 3 4 5 6 
1 2 3 4 5 6 
1 2 3 4 5 6 
1 2 3 4 5 6 
1 2 3 4 5 6 
1 2 3 4 5 6 
1 2 3 4 5 6 
1 2 3 4 5 6 
1 2 3 4 5 6 
1 2 3 4 5 6 
1 2 3 4 5 6 
1 2 3 4 5 6 
1 2 3 4 5 6 
1 2 3 4 5 6 
1 2 3 4 5 6 
1 2 3 4 5 6 
1 2 3 4 5 6 
1 2 3 4 5 6 
1 2 3 4 5 6 
1 2 3 4 5 6 
1 2 3 4 5 6 
1 2 3 4 5 6 
1 2 3 4 5 6 
1 2 3 4 5 6 
1 2 3 4 5 6 
1 2 3 4 5 6 
1 2 3 4 5 6 
1 2 3 4 5 6 
1 2 3 4 5 6 
1 2 3 4 5 6 
1 2 3 4 5 6 
1 2 3 4 5 6 
1 2 3 4 5 6 
1 2 3 4 5 6 
1 2 3 4 5 6 
1 2 3 4 5 6 
1 2 3 4 5 6 
1 2 3 4 5 6 
1 2 3 4 5 6 
1 2 3 4 5 6 
1 2 3 4 5 6 
1 2 3 4 5 6 
1 2 3 4 5 6 
1 2 3 4 5 6 
1 2 3 4 5 6 
1 2 3 4 5 6 
1 2 3 4 5 6 
1 2 3 4 5 6 
1 2 3 4 5 6 
1 2 3 4 5 6 
1 2 3 4 5 6 
1 2 3 4 5 6 
1 2 3 4 5 6 
1 2 3 4 5 6 
1 2 3 4 5 6 
1 2 3 4 5 6 
1 2 3 4 5 6 
1 2 3 4 5 6 
1 2 3 4 5 6 
1 2 3 4 5 6 
1 2 3 4 5 6 
1 2 3 4 5 6 
1 2 3 4 5 6 
1 2 3 4 5 6 
1 2 3 4 5 6 
1 2 3 4 5 6 
1 2 3 4 5 6 
1 2 3 4 5 6 
1 2 3 4 5 6 
1 2 3 4 5 6 
1 2 3 4 5 6 
1 2 3 4 5 6 
1 2 3 4 5 6 
1 2 3 4 5 6 
1 2 3 4 5 6 
1 2 3 4 5 6 
1 2 3 4 5 6 
1 2 3 4 5 6 
1 2 3 4 5 6 
1 2 3 4 5 6 
1 2 3 4 5 6 
1 2 3 4 5 6 
1 2 3 4 5 6 
1 2 3 4 5 6 
1 2 3 4 5 6 
1 2 3 4 5 6 
1 2 3 4 5 6 
1 2 3 4 5 6 
1 2 3 4 5 6 
1 2 3 4 5 6 
1 2 3 4 5 6 
1 2 3 4 5 6 
1 2 3 4 5 6 
1 2 3 4 5 6 
1 2 3 4 5 6 
1 2 3 4 5 6 
1 2 3 4 5 6 
1 2 3 4 5 6 
1 2 3 4 5 6 
1 2 3 4 5 6 
1 2 3 4 5 6 
1 2 3 4 5 6 
1 2 3 4 5 6 
1 2 3 4 5 6 
1 2 3 4 5 6 
1 2 3 4 5 6 
1 2 3 4 5 6 
1 2 3 4 5 6 
1 2 3 4 5 6 
1 2 3 4 5 6 
1 2 3 4 5 6 
1 2 3 4 5 6 
1 2 3 4 5 6 
1 2 3 4 5 6 
1 2 3 4 5 6 
1 2 3 4 5 6 
1 2 3 4 5 6 
1 2 3 4 5 6 
1 2 3 4 5 6 
1 2 3 4 5 6 
1 2 3 4 5 6 
1 2 3 4 5 6 
1 2 3 4 5 6 
1 2 3 4 5 6 
1 2 3 4 5 6 
1 2 3 4 5 6 
1 2 3 4 5 6 
1 2 3 4 5 6 
1 2 3 4 5 6 
1 2 3 4 5 6 
1 2 3 4 5 6 
1 2 3 4 5 6 
1 2 3 4 5 6 
1 2 3 4 5 6 
1 2 3 4 5 6 
1 2 3 4 5 6 
1 2 3 4 5 6 
1 2 3 4 5 6 
1 2 3 4 5 6 
1 2 3 4 5 6 
1 2 3 4 5 6 
1 2 3 4 5 6 
1 2 3 4 5 6 
1 2 3 4 5 6 
1 2 3 4 5 6 
1 2 3 4 5 6 
1 2 3 4 5 6 
1 2 3 4 5 6 
1 2 3 4 5 6 
1 2 3 4 5 6 
1 2 3 4 5 6 
1 2 3 4 5 6 
1 2 3 4 5 6 
1 2 3 4 5 6 
1 2 3 4 5 6 
1 2 3 4 5 6 
1 2 3 4 5 6 
1 2 3 4 5 6 
1 2 3 4 5 6 
1 2 3 4 5 6 
1 2 3 4 5 6 
1 2 3 4 5 6 
1 2 3 4 5 6 
1 2 3 4 5 6 
1 2 3 4 5 6 
1 2 3 4 5 6 
1 2 3 4 5 6 
1 2 3 4 5 6 
1 2 3 4 5 6 
1 2 3 4 5 6 
1 2 3 4 5 6 
1 2 3 4 5 6 
1 2 3 4 5 6 
1 2 3 4 5 6 
1 2 3 4 5 6 
1 2 3 4 5 6 
1 2 3 4 5 6 
1 2 3 4 5 6 
1 2 3 4 5 6 
1 2 3 4 5 6 
1 2 3 4 5 6 
1 2 3 4 5 6 
1 2 3 4 5 6 
1 2 3 4 5 6 
1 2 3 4 5 6 
1 2 3 4 5 6 
1 2 3 4 5 6 
1 2 3 4 5 6 
1 2 3 4 5 6 
1 2 3 4 5 6 
1 2 3 4 5 6 
1 2 3 4 5 6 
1 2 3 4 5 6 
1 2 3 4 5 6 
1 2 3 4 5 6 
1 2 3 4 5 6 
1 2 3 4 5 6 
1 2 3 4 5 6 
1 2 3 4 5 6 
1 2 3 4 5 6 
1 2 3 4 5 6 
1 2 3 4 5 6 
1 2 3 4 5 6 
1 2 3 4 5 6 
1 2 3 4 5 6 
1 2 3 4 5 6 
1 2 3 4 5 6 
1 2 3 4 5 6 
1 2 3 4 5 6 
1 2 3 4 5 6 
1 2 3 4 5 6 
1 2 3 4 5 6 
1 2 3 4 5 6 
1 2 3 4 5 6 
1 2 3 4 5 6 
1 2 3 4 5 6 
1 2 3 4 5 6 
1 2 3 4 5 6 
1 2 3 4 5 6 
1 2 3 4 5 6 
1 2 3 4 5 6 
1 2 3 4 5 6 
1 2 3 4 5 6 
1 2 3 4 5 6 
1 2 3 4 5 6 
1 2 3 4 5 6 
1 2 3 4 5 6 
1 2 3 4 5 6 
1 2 3 4 5 6 
1 2 3 4 5 6 
1 2 3 4 5 6 
1 2 3 4 5 6 
1 2 3 4 5 6 
1 2 3 4 5 6 
1 2 3 4 5 6 
1 2 3 4 5 6 
1 2 3 4 5 6 
1 2 3 4 5 6 
1 2 3 4 5 6 
1 2 3 4 5 6 
1 2 3 4 5 6 
1 2 3 4 5 6 
1 2 3 4 5 6 
1 2 3 4 5 6 
1 2 3 4 5 6 
1 2 3 4 5 6 
1 2 3 4 5 6 
1 2 3 4 5 6 
1 2 3 4 5 6 
1 2 3 4 5 6 
1 2 3 4 5 6 
1 2 3 4 5 6 
1 2 3 4 5 6 
1 2 3 4 5 6 
1 2 3 4 5 6 
1 2 3 4 5 6 
1 2 3 4 5 6 
1 2 3 4 5 6 
1 2 3 4 5 6 
1 2 3 4 5 6 
1 2 3 4 5 6 
1 2 3 4 5 6 
1 2 3 4 5 6 
1 2 3 4 5 6 
1 2 3 4 5 6 
1 2 3 4 5 6 
1 2 3 4 5 6 
1 2 3 4 5 6 
1 2 3 4 5 6 
1 2 3 4 5 6 
1 2 3 4 5 6 
1 2 3 4 5 6 
1 2 3 4 5 6 
1 2 3 4 5 6 
1 2 3 4 5 6 
1 2 3 4 5 6 
1 2 3 4 5 6 
1 2 3 4 5 6 
1 2 3 4 5 6 
1 2 3 4 5 6 
1 2 3 4 5 6 
1 2 3 4 5 6 
1 2 3 4 5 6 
1 2 3 4 5 6 
1 2 3 4 5 6 
1 2 3 4 5 6 
1 2 3 4 5 6 
1 2 3 4 5 6 
1 2 3 4 5 6 
1 2 3 4 5 6 
1 2 3 4 5 6 
1 2 3 4 5 6 
1 2 3 4 5 6 
1 2 3 4 5 6 
1 2 3 4 5 6 
1 2 3 4 5 6 
1 2 3 4 5 6 
1 2 3 4 5 6 
1 2 3 4 5 6 
1 2 3 4 5 6 
1 2 3 4 5 6 
1 2 3 4 5 6 
1 2 3 4 5 6 
1 2 3 4 5 6 
1 2 3 4 5 6 
1 2 3 4 5 6 
1 2 3 4 5 6 
1 2 3 4 5 6 
1 2 3 4 5 6 
1 2 3 4 5 6 
1 2 3 4 5 6 
1 2 3 4 5 6 
1 2 3 4 5 6 
1 2 3 4 5 6 
1 2 3 4 5 6 
1 2 3 4 5 6 
1 2 3 4 5 6 
1 2 3 4 5 6 
1 2 3 4 5 6 
1 2 3 4 5 6 
1 2 3 4 5 6 
1 2 3 4 5 6 
1 2 3 4 5 6 
1 2 3 4 5 6 
1 2 3 4 5 6 
1 2 3 4 5 6 
1 2 3 4 5 6 
1 2 3 4 5 6 
1 2 3 4 5 6 
1 2 3 4 5 6 
1 2 3 4 5 6 
1 2 3 4 5 6 
1 2 3 4 5 6 
1 2 3 4 5 6 
1 2 3 4 5 6 
1 2 3 4 5 6 
1 2 3 4 5 6 
1 2 3 4 5 6 
1 2 3 4 5 6 
1 2 3 4 5 6 
1 2 3 4 5 6 
1 2 3 4 5 6 
1 2 3 4 5 6 
1 2 3 4 5 6 
1 2 3 4 5 6 
1 2 3 4 5 6 
1 2 3 4 5 6 
1 2 3 4 5 6 
1 2 3 4 5 6 
1 2 3 4 5 6 
1 2 3 4 5 6 
1 2 3 4 5 6 
1 2 3 4 5 6 
1 2 3 4 5 6 
1 2 3 4 5 6 
1 2 3 4 5 6 
1 2 3 4 5 6 
1 2 3 4 5 6 
1 2 3 4 5 6 
1 2 3 4 5 6 
1 2 3 4 5 6 
1 2 3 4 5 6 
1 2 3 4 5 6 
1 2 3 4 5 6 
1 2 3 4 5 6 
1 2 3 4 5 6 
1 2 3 4 5 6 
1 2 3 4 5 1 2 Error occurred at (2000, 1, 1, 0, 0, 1, 5, 1)
1 2 Error occurred at (2000, 1, 1, 0, 0, 2, 5, 1)
1 2 Error occurred at (2000, 1, 1, 0, 0, 2, 5, 1)
1 2 Error occurred at (2000, 1, 1, 0, 0, 3, 5, 1)
1 2 Error occurred at (2000, 1, 1, 0, 0, 3, 5, 1)
1 2 Error occurred at (2000, 1, 1, 0, 0, 4, 5, 1)
1 2 Error occurred at (2000, 1, 1, 0, 0, 4, 5, 1)
1 2 Error occurred at (2000, 1, 1, 0, 0, 5, 5, 1)
1 2 Error occurred at (2000, 1, 1, 0, 0, 6, 5, 1)
1 2 Error occurred at (2000, 1, 1, 0, 0, 7, 5, 1)
1 2 Error occurred at (2000, 1, 1, 0, 0, 7, 5, 1)
1 2 Error occurred at (2000, 1, 1, 0, 0, 1, 5, 1)
1 2 Error occurred at (2000, 1, 1, 0, 0, 1, 5, 1)
1 2 Error occurred at (2000, 1, 1, 0, 0, 1, 5, 1)
1 2 