1 2 Error occurred at (2024, 1, 19, 17, 2, 44, 4, 19)
1 2 Error occurred at (2024, 1, 19, 17, 2, 44, 4, 19)
1 2 1 2 3 4 5 6 
1 2 Error occurred at (2000, 1, 1, 0, 0, 30, 5, 1)
1 2 3 4 5 6 
1 2 3 4 5 6 
1 2 3 4 5 6 
1 2 3 4 5 6 
1 2 3 4 5 6 
1 2 Error occurred at (2000, 1, 1, 0, 2, 57, 5, 1)
1 2 3 4 5 6 
1 2 3 4 5 6 
1 2 3 4 5 6 
1 2 3 4 5 6 
1 2 3 4 5 6 
1 2 3 4 5 6 
1 2 3 4 5 6 
1 2 3 4 5 6 
1 2 3 4 5 6 
1 2 Error occurred at (2000, 1, 1, 0, 7, 15, 5, 1)
1 2 3 4 5 6 
1 2 3 4 5 6 
1 2 3 4 5 6 
1 2 3 4 5 6 
1 2 3 4 5 6 
1 2 3 4 5 6 
1 2 3 4 5 6 
1 2 3 4 5 6 
1 2 3 4 5 6 
1 2 3 4 5 6 
1 2 3 4 5 6 
1 2 3 4 5 6 
1 2 3 4 5 6 
1 2 3 4 5 6 
1 2 3 4 5 6 
1 2 3 4 5 6 
1 2 3 4 5 6 
1 2 3 4 5 6 
1 2 3 4 5 6 
1 2 3 4 5 6 
1 2 3 4 5 6 
1 2 3 4 5 6 
1 2 3 4 5 6 
1 2 3 4 5 6 
1 2 3 4 5 6 
1 2 3 4 5 6 
1 2 3 4 5 6 
1 2 3 4 5 6 
1 2 3 4 5 6 
1 2 3 4 5 6 
1 2 3 4 5 6 
1 2 3 4 5 6 
1 2 3 4 5 6 
1 2 3 4 5 6 
1 2 3 4 5 6 
1 2 3 4 5 6 
1 2 3 4 5 6 
1 2 3 4 5 6 
1 2 3 4 5 6 
1 2 3 4 5 6 
1 2 3 4 5 6 
1 2 3 4 5 6 
1 2 3 4 5 6 
1 2 3 4 5 6 
1 2 3 4 5 6 
1 2 3 4 5 6 
1 2 3 4 5 6 
1 2 3 4 5 6 
1 2 3 4 5 6 
1 2 3 4 5 6 
1 2 3 4 5 6 
1 2 3 4 5 6 
1 2 3 4 5 6 
1 2 3 4 5 6 
1 2 3 4 5 6 
1 2 3 4 5 6 
1 2 3 4 5 6 
1 2 3 4 5 6 
1 2 3 4 5 6 
1 2 3 4 5 6 
1 2 3 4 5 6 
1 2 3 4 5 6 
1 2 3 4 5 6 
1 2 3 4 5 6 
1 2 3 4 5 6 
1 2 3 4 5 6 
1 2 3 4 5 6 
1 2 3 4 5 6 
1 2 3 4 5 6 
1 2 3 4 5 6 
1 2 3 4 5 6 
1 2 3 4 5 6 
1 2 3 4 5 6 
1 2 3 4 5 6 
1 2 3 4 5 6 
1 2 3 4 5 6 
1 2 3 4 5 6 
1 2 3 4 5 6 
1 2 3 4 5 6 
1 2 3 4 5 6 
1 2 3 4 5 6 
1 2 3 4 5 6 
1 2 3 4 5 6 
1 2 3 4 5 6 
1 2 3 4 5 6 
1 2 3 4 5 6 
1 2 3 4 5 6 
1 2 3 4 5 6 
1 2 3 4 5 6 
1 2 3 4 5 6 
1 2 3 4 5 6 
1 2 3 4 5 6 
1 2 3 4 5 6 
1 2 3 4 5 6 
1 2 3 4 5 6 
1 2 3 4 5 6 
1 2 3 4 5 6 
1 2 3 4 5 6 
1 2 3 4 5 6 
1 2 3 4 5 6 
1 2 3 4 5 6 
1 2 3 4 5 6 
1 2 3 4 5 6 
1 2 3 4 5 6 
1 2 3 4 5 6 
1 2 3 4 5 6 
1 2 3 4 5 6 
1 2 3 4 5 6 
1 2 3 4 5 6 
1 2 3 4 5 6 
1 2 3 4 5 6 
1 2 3 4 5 6 
1 2 3 4 5 6 
1 2 3 4 5 6 
1 2 3 4 5 6 
1 2 3 4 5 6 
1 2 3 4 5 6 
1 2 3 4 5 6 
1 2 3 4 5 6 
1 2 3 4 5 6 
1 2 3 4 5 6 
1 2 3 4 5 6 
1 2 3 4 5 6 
1 2 3 4 5 6 
1 2 3 4 5 6 
1 2 3 4 5 6 
1 2 3 4 5 6 
1 2 3 4 5 6 
1 2 3 4 5 6 
1 2 3 4 5 6 
1 2 3 4 5 6 
1 2 3 4 5 6 
1 2 3 4 5 6 
1 2 3 4 5 6 
1 2 3 4 5 6 
1 2 3 4 5 6 
1 2 3 4 5 6 
1 2 3 4 5 6 
1 2 3 4 5 6 
1 2 3 4 5 6 
1 2 3 4 5 6 
1 2 3 4 5 6 
1 2 3 4 5 6 
1 2 3 4 5 6 
1 2 3 4 5 6 
1 2 3 4 5 6 
1 2 3 4 5 6 
1 2 3 4 5 6 
1 2 3 4 5 6 
1 2 3 4 5 6 
1 2 3 4 5 6 
1 2 3 4 5 6 
1 2 3 4 5 6 
1 2 3 4 5 6 
1 2 3 4 5 6 
1 2 3 4 5 6 
1 2 3 4 5 6 
1 2 3 4 5 6 
1 2 3 4 5 6 
1 2 3 4 5 6 
1 2 3 4 5 6 
1 2 3 4 5 6 
1 2 3 4 5 6 
1 2 3 4 5 6 
1 2 3 4 5 6 
1 2 3 4 5 6 
1 2 3 4 5 6 
1 2 3 4 5 6 
1 2 3 4 5 6 
1 2 3 4 5 6 
1 2 3 4 5 6 
1 2 3 4 5 6 
1 2 3 4 5 6 
1 2 3 4 5 6 
1 2 3 4 5 6 
1 2 3 4 5 6 
1 2 3 4 5 6 
1 2 3 4 5 6 
1 2 3 4 5 6 
1 2 3 4 5 6 
1 2 3 4 5 6 
1 2 3 4 5 6 
1 2 3 4 5 6 
1 2 3 4 5 6 
1 2 3 4 5 6 
1 2 3 4 5 6 
1 2 3 4 5 6 
1 2 3 4 5 6 
1 2 3 4 5 6 
1 2 3 4 5 6 
1 2 3 4 5 6 
1 2 3 4 5 6 
1 2 3 4 5 6 
1 2 3 4 5 6 
1 2 3 4 5 6 
1 2 3 4 5 6 
1 2 3 4 5 6 
1 2 3 4 5 6 
1 2 3 4 5 6 
1 2 3 4 5 6 
1 2 3 4 5 6 
1 2 3 4 5 6 
1 2 3 4 5 6 
1 2 3 4 5 6 
1 2 3 4 5 6 
1 2 3 4 5 6 
1 2 3 4 5 6 
1 2 3 4 5 6 
1 2 3 4 5 6 
1 2 3 4 5 6 
1 2 3 4 5 6 
1 2 3 4 5 6 
1 2 3 4 5 6 
1 2 3 4 5 6 
1 2 3 4 5 6 
1 2 3 4 5 6 
1 2 3 4 5 6 
1 2 3 4 5 6 
1 2 3 4 5 6 
1 2 3 4 5 6 
1 2 3 4 5 6 
1 2 3 4 5 6 
1 2 3 4 5 6 
1 2 3 4 5 6 
1 2 3 4 5 6 
1 2 3 4 5 6 
1 2 3 4 5 6 
1 2 3 4 5 6 
1 2 3 4 5 6 
1 2 3 4 5 6 
1 2 3 4 5 6 
1 2 3 4 5 6 
1 2 3 4 5 6 
1 2 3 4 5 6 
1 2 3 4 5 6 
1 2 3 4 5 6 
1 2 3 4 5 6 
1 2 3 4 5 6 
1 2 3 4 5 6 
1 2 3 4 5 6 
1 2 3 4 5 6 
1 2 3 4 5 6 
1 2 3 4 5 6 
1 2 3 4 5 6 
1 2 3 4 5 6 
1 2 3 4 5 6 
1 2 3 4 5 6 
1 2 3 4 5 6 
1 2 3 4 5 6 
1 2 3 4 5 6 
1 2 3 4 5 6 
1 2 3 4 5 6 
1 2 3 4 5 6 
1 2 3 4 5 6 
1 2 3 4 5 6 
1 2 3 4 5 6 
1 2 3 4 5 6 
1 2 3 4 5 6 
1 2 3 4 5 6 
1 2 3 4 5 6 
1 2 3 4 5 6 
1 2 3 4 5 6 
1 2 3 4 5 6 
1 2 3 4 5 6 
1 2 3 4 5 6 
1 2 3 4 5 6 
1 2 3 4 5 6 
1 2 3 4 5 6 
1 2 3 4 5 6 
1 2 3 4 5 6 
1 2 3 4 5 6 
1 2 3 4 5 6 
1 2 3 4 5 6 
1 2 3 4 5 6 
1 2 3 4 5 6 
1 2 3 4 5 6 
1 2 3 4 5 6 
1 2 3 4 5 6 
1 2 3 4 5 6 
1 2 3 4 5 6 
1 2 3 4 5 6 
1 2 3 4 5 6 
1 2 3 4 5 6 
1 2 3 4 5 6 
1 2 3 4 5 6 
1 2 3 4 5 6 
1 2 3 4 5 6 
1 2 3 4 5 6 
1 2 3 4 5 6 
1 2 3 4 5 6 
1 2 3 4 5 6 
1 2 3 4 5 6 
1 2 3 4 5 6 
1 2 3 4 5 6 
1 2 3 4 5 6 
1 2 3 4 5 6 
1 2 3 4 5 6 
1 2 3 4 5 6 
1 2 3 4 5 6 
1 2 3 4 5 6 
1 2 3 4 5 6 
1 2 3 4 5 6 
1 2 3 4 5 6 
1 2 3 4 5 6 
1 2 3 4 5 6 
1 2 3 4 5 6 
1 2 3 4 5 6 
1 2 3 4 5 6 
1 2 3 4 5 6 
1 2 3 4 5 6 
1 2 3 4 5 6 
1 2 3 4 5 6 
1 2 3 4 5 6 
1 2 3 4 5 6 
1 2 3 4 5 6 
1 2 3 4 5 6 
1 2 3 4 5 6 
1 2 3 4 5 6 
1 2 3 4 5 6 
1 2 3 4 5 6 
1 2 3 4 5 6 
1 2 3 4 5 6 
1 2 3 4 5 6 
1 2 3 4 5 6 
1 2 3 4 5 6 
1 2 3 4 5 6 
1 2 3 4 5 6 
1 2 3 4 5 6 
1 2 3 4 5 6 
1 2 3 4 5 6 
1 2 3 4 5 6 
1 2 3 4 5 6 
1 2 3 4 5 6 
1 2 3 4 5 6 
1 2 3 4 5 6 
1 2 3 4 5 6 
1 2 3 4 5 6 
1 2 3 4 5 6 
1 2 3 4 5 6 
1 2 3 4 5 6 
1 2 3 4 5 6 
1 2 3 4 5 6 
1 2 3 4 5 6 
1 2 3 4 5 6 
1 2 3 4 5 6 
1 2 3 4 5 6 
1 2 3 4 5 6 
1 2 3 4 5 6 
1 2 3 4 5 6 
1 2 3 4 5 6 
1 2 3 4 5 6 
1 2 3 4 5 6 
1 2 3 4 5 6 
1 2 3 4 5 6 
1 2 3 4 5 6 
1 2 3 4 5 6 
1 2 3 4 5 6 
1 2 3 4 5 6 
1 2 3 4 5 6 
1 2 3 4 5 6 
1 2 3 4 5 6 
1 2 3 4 5 6 
1 2 3 4 5 6 
1 2 3 4 5 6 
1 2 3 4 5 6 
1 2 3 4 5 6 
1 2 3 4 5 6 
1 2 3 4 5 6 
1 2 3 4 5 6 
1 2 3 4 5 6 
1 2 3 4 5 6 
1 2 3 4 5 6 
1 2 3 4 5 6 
1 2 3 4 5 6 
1 2 3 4 5 6 
1 2 3 4 5 6 
1 2 3 4 5 6 
1 2 3 4 5 6 
1 2 3 4 5 6 
1 2 3 4 5 6 
1 2 3 4 5 6 
1 2 3 4 5 6 
1 2 3 4 5 6 
1 2 3 4 5 6 
1 2 3 4 5 6 
1 2 3 4 5 6 
1 2 3 4 5 6 
1 2 3 4 5 6 
1 2 3 4 5 6 
1 2 3 4 5 6 
1 2 3 4 5 6 
1 2 3 4 5 6 
1 2 3 4 5 6 
1 2 3 4 5 6 
1 2 3 4 5 6 
1 2 3 4 5 6 
1 2 3 4 5 6 
1 2 3 4 5 6 
1 2 3 4 5 6 
1 2 3 4 5 6 
1 2 3 4 5 6 
1 2 3 4 5 6 
1 2 3 4 5 6 
1 2 3 4 5 6 
1 2 3 4 5 6 
1 2 3 4 5 6 
1 2 3 4 5 6 
1 2 3 4 5 6 
1 2 3 4 5 6 
1 2 3 4 5 6 
1 2 3 4 5 6 
1 2 3 4 5 6 
1 2 3 4 5 6 
1 2 3 4 5 6 
1 2 3 4 5 6 
1 2 3 4 5 6 
1 2 3 4 5 6 
1 2 3 4 5 6 
1 2 3 4 5 6 
1 2 3 4 5 6 
1 2 3 4 5 6 
1 2 3 4 5 6 
1 2 3 4 5 6 
1 2 3 4 5 6 
1 2 3 4 5 6 
1 2 3 4 5 6 
1 2 3 4 5 6 
1 2 3 4 5 6 
1 2 3 4 5 6 
1 2 3 4 5 6 
1 2 3 4 5 6 
1 2 3 4 5 6 
1 2 3 4 5 6 
1 2 3 4 5 6 
1 2 3 4 5 6 
1 2 3 4 5 6 
1 2 3 4 5 6 
1 2 3 4 5 6 
1 2 3 4 5 6 
1 2 3 4 5 6 
1 2 3 4 5 6 
1 2 3 4 5 6 
1 2 3 4 5 6 
1 2 3 4 5 6 
1 2 3 4 5 6 
1 2 3 4 5 6 
1 2 3 4 5 6 
1 2 3 4 5 6 
1 2 3 4 5 6 
1 2 3 4 5 6 
1 2 3 4 5 6 
1 2 3 4 5 6 
1 2 3 4 5 6 
1 2 3 4 5 6 
1 2 3 4 5 6 
1 2 3 4 5 6 
1 2 3 4 5 6 
1 2 3 4 5 6 
1 2 3 4 5 6 
1 2 3 4 5 6 
1 2 3 4 5 6 
1 2 3 4 5 6 
1 2 3 4 5 6 
1 2 3 4 5 6 
1 2 3 4 5 6 
1 2 3 4 5 6 
1 2 3 4 5 6 
1 2 3 4 5 6 
1 2 3 4 5 6 
1 2 3 4 5 6 
1 2 3 4 5 6 
1 2 3 4 5 6 
1 2 3 4 5 6 
1 2 3 4 5 6 
1 2 3 4 5 6 
1 2 3 4 5 6 
1 2 3 4 5 6 
1 2 3 4 5 6 
1 2 3 4 5 6 
1 2 3 4 5 6 
1 2 3 4 5 6 
1 2 3 4 5 6 
1 2 3 4 5 6 
1 2 3 4 5 6 
1 2 3 4 5 6 
1 2 3 4 5 6 
1 2 3 4 5 6 
1 2 3 4 5 6 
1 2 3 4 5 6 
1 2 3 4 5 6 
1 2 3 4 5 6 
1 2 3 4 5 6 
1 2 3 4 5 6 
1 2 3 4 5 6 
1 2 3 4 5 6 
1 2 3 4 5 6 
1 2 3 4 5 6 
1 2 3 4 5 6 
1 2 3 4 5 6 
1 2 3 4 5 6 
1 2 3 4 5 6 
1 2 3 4 5 6 
1 2 3 4 5 6 
1 2 3 4 5 6 
1 2 3 4 5 6 
1 2 3 4 5 6 
1 2 3 4 5 6 
1 2 3 4 5 6 
1 2 3 4 5 6 
1 2 3 4 5 6 
1 2 3 4 5 6 
1 2 3 4 5 6 
1 2 3 4 5 6 
1 2 3 4 5 6 
1 2 3 4 5 6 
1 2 3 4 5 6 
1 2 3 4 5 6 
1 2 3 4 5 6 
1 2 3 4 5 6 
1 2 3 4 5 6 
1 2 3 4 5 6 
1 2 3 4 5 6 
1 2 3 4 5 6 
1 2 3 4 5 6 
1 2 3 4 5 6 
1 2 3 4 5 6 
1 2 3 4 5 6 
1 2 3 4 5 6 
1 2 3 4 5 6 
1 2 3 4 5 6 
1 2 3 4 5 6 
1 2 3 4 5 6 
1 2 3 4 5 6 
1 2 3 4 5 6 
1 2 3 4 5 6 
1 2 3 4 5 6 
1 2 3 4 5 6 
1 2 3 4 5 6 
1 2 3 4 5 6 
1 2 3 4 5 6 
1 2 3 4 5 6 
1 2 3 4 5 6 
1 2 3 4 5 6 
1 2 3 4 5 6 
1 2 3 4 5 6 
1 2 3 4 5 6 
1 2 3 4 5 6 
1 2 3 4 5 6 
1 2 3 4 5 6 
1 2 3 4 5 6 
1 2 3 4 5 6 
1 2 3 4 5 6 
1 2 3 4 5 6 
1 2 3 4 5 6 
1 2 3 4 5 6 
1 2 3 4 5 6 
1 2 3 4 5 6 
1 2 3 4 5 6 
1 2 3 4 5 6 
1 2 3 4 5 6 
1 2 3 4 5 6 
1 2 3 4 5 6 
1 2 3 4 5 6 
1 2 3 4 5 6 
1 2 3 4 5 6 
1 2 3 4 5 6 
1 2 3 4 5 6 
1 2 3 4 5 6 
1 2 3 4 5 6 
1 2 3 4 5 6 
1 2 3 4 5 6 
1 2 3 4 5 6 
1 2 3 4 5 6 
1 2 3 4 5 6 
1 2 3 4 5 6 
1 2 3 4 5 6 
1 2 3 4 5 6 
1 2 3 4 5 6 
1 2 3 4 5 6 
1 2 3 4 5 6 
1 2 3 4 5 6 
1 2 3 4 5 6 
1 2 3 4 5 6 
1 2 3 4 5 6 
1 2 3 4 5 6 
1 2 3 4 5 6 
1 2 3 4 5 6 
1 2 3 4 5 6 
1 2 3 4 5 6 
1 2 3 4 5 6 
1 2 3 4 5 6 
1 2 3 4 5 6 
1 2 3 4 5 6 
1 2 3 4 5 6 
1 2 3 4 5 6 
1 2 3 4 5 6 
1 2 3 4 5 6 
1 2 3 4 5 6 
1 2 3 4 5 1 2 Error occurred at (2000, 1, 1, 0, 0, 1, 5, 1)
1 2 Error occurred at (2000, 1, 1, 0, 0, 2, 5, 1)
1 2 Error occurred at (2000, 1, 1, 0, 0, 2, 5, 1)
1 2 Error occurred at (2000, 1, 1, 0, 0, 3, 5, 1)
1 2 Error occurred at (2000, 1, 1, 0, 0, 3, 5, 1)
1 2 Error occurred at (2000, 1, 1, 0, 0, 3, 5, 1)
1 2 Error occurred at (2000, 1, 1, 0, 0, 4, 5, 1)
1 2 Error occurred at (2000, 1, 1, 0, 0, 4, 5, 1)
1 2 Error occurred at (2000, 1, 1, 0, 0, 5, 5, 1)
1 2 Error occurred at (2000, 1, 1, 0, 0, 5, 5, 1)
1 2 Error occurred at (2000, 1, 1, 0, 0, 6, 5, 1)
1 2 Error occurred at (2000, 1, 1, 0, 0, 6, 5, 1)
1 2 Error occurred at (2000, 1, 1, 0, 0, 8, 5, 1)
1 2 Error occurred at (2000, 1, 1, 0, 0, 8, 5, 1)
1 2 Error occurred at (2000, 1, 1, 0, 0, 9, 5, 1)
1 2 Error occurred at (2000, 1, 1, 0, 0, 9, 5, 1)
1 2 Error occurred at (2000, 1, 1, 0, 0, 9, 5, 1)
1 2 1 2 Error occurred at (2000, 1, 1, 0, 0, 1, 5, 1)
1 2 Error occurred at (2000, 1, 1, 0, 0, 1, 5, 1)
1 2 