pressure: 1016.451, temp: 22.49759,  time: 3.529
pressure: 1016.184, temp: 22.49759,  time: 17.838
pressure: 1016.482, temp: 22.51464,  time: 32.028
pressure: 1016.247, temp: 22.5317,  time: 46.231
pressure: 1016.215, temp: 22.51464,  time: 60.497
pressure: 1016.215, temp: 22.51464,  time: 74.708
pressure: 1016.451, temp: 22.49759,  time: 88.972
pressure: 1016.184, temp: 22.49759,  time: 103.251
pressure: 1015.916, temp: 22.49759,  time: 117.535
pressure: 1016.152, temp: 22.48053,  time: 131.812
pressure: 1016.215, temp: 22.51464,  time: 146.141
pressure: 1016.184, temp: 22.49759,  time: 160.509
pressure: 1016.451, temp: 22.49759,  time: 174.935
pressure: 1016.687, temp: 22.48053,  time: 189.317
pressure: 1016.388, temp: 22.46348,  time: 203.707
pressure: 1016.42, temp: 22.48053,  time: 218.169
pressure: 1015.885, temp: 22.48053,  time: 232.56
pressure: 1016.388, temp: 22.46348,  time: 247.003
pressure: 1016.42, temp: 22.48053,  time: 261.397
pressure: 1016.152, temp: 22.48053,  time: 275.807
pressure: 1016.687, temp: 22.48053,  time: 290.275
pressure: 1016.388, temp: 22.46348,  time: 304.689
pressure: 1016.388, temp: 22.46348,  time: 319.12
pressure: 1016.388, temp: 22.46348,  time: 333.589
pressure: 1016.121, temp: 22.46348,  time: 348.093
pressure: 1016.388, temp: 22.46348,  time: 362.529
pressure: 1016.388, temp: 22.46348,  time: 376.985
pressure: 1016.152, temp: 22.48053,  time: 391.481
pressure: 1015.885, temp: 22.48053,  time: 406.035
pressure: 1016.388, temp: 22.46348,  time: 420.488
pressure: 1016.388, temp: 22.46348,  time: 434.993
pressure: 1016.687, temp: 22.48053,  time: 449.504
pressure: 1016.655, temp: 22.46348,  time: 463.964
pressure: 1016.121, temp: 22.46348,  time: 478.534
pressure: 1016.624, temp: 22.44642,  time: 493.056
pressure: 1016.388, temp: 22.46348,  time: 507.524
pressure: 1016.388, temp: 22.46348,  time: 522.049
pressure: 1016.356, temp: 22.44642,  time: 536.59
pressure: 1016.388, temp: 22.46348,  time: 551.119
pressure: 1016.152, temp: 22.48053,  time: 565.695
pressure: 1016.388, temp: 22.46348,  time: 580.266
pressure: 1016.121, temp: 22.46348,  time: 594.79
pressure: 1016.089, temp: 22.44642,  time: 609.331
pressure: 1016.655, temp: 22.46348,  time: 623.93
pressure: 1016.356, temp: 22.44642,  time: 638.527
pressure: 1016.121, temp: 22.46348,  time: 653.07
pressure: 1016.388, temp: 22.46348,  time: 667.631
pressure: 1016.089, temp: 22.44642,  time: 682.186
pressure: 1016.089, temp: 22.44642,  time: 696.819
pressure: 1016.121, temp: 22.46348,  time: 711.441
pressure: 1016.356, temp: 22.44642,  time: 726.015
pressure: 1016.121, temp: 22.46348,  time: 740.608
pressure: 1016.388, temp: 22.46348,  time: 755.227
pressure: 1016.687, temp: 22.48053,  time: 769.855
pressure: 1016.655, temp: 22.46348,  time: 784.434
pressure: 1016.655, temp: 22.46348,  time: 799.09
pressure: 1016.42, temp: 22.48053,  time: 813.728
pressure: 1016.152, temp: 22.48053,  time: 828.545
pressure: 1016.687, temp: 22.48053,  time: 843.574
pressure: 1016.152, temp: 22.48053,  time: 858.704
pressure: 1016.42, temp: 22.48053,  time: 873.782
pressure: 1016.42, temp: 22.48053,  time: 888.904
pressure: 1016.184, temp: 22.49759,  time: 903.938
pressure: 1016.655, temp: 22.46348,  time: 919.052
pressure: 1016.42, temp: 22.48053,  time: 934.078
pressure: 1016.388, temp: 22.46348,  time: 949.237
pressure: 1016.388, temp: 22.46348,  time: 964.277
pressure: 1016.655, temp: 22.46348,  time: 979.414
pressure: 1016.152, temp: 22.48053,  time: 994.454
pressure: 1016.121, temp: 22.46348,  time: 1009.576
pressure: 1016.089, temp: 22.44642,  time: 1024.63
pressure: 1016.089, temp: 22.44642,  time: 1039.825
pressure: 1016.388, temp: 22.46348,  time: 1054.955
pressure: 1016.121, temp: 22.46348,  time: 1070.109
pressure: 1016.356, temp: 22.44642,  time: 1085.167
pressure: 1016.356, temp: 22.44642,  time: 1100.308
pressure: 1016.624, temp: 22.44642,  time: 1115.433
pressure: 1016.089, temp: 22.44642,  time: 1130.555
pressure: 1016.057, temp: 22.42937,  time: 1145.635
pressure: 1016.624, temp: 22.44642,  time: 1160.785
pressure: 1016.325, temp: 22.42937,  time: 1175.852
pressure: 1016.325, temp: 22.42937,  time: 1191.176
pressure: 1016.325, temp: 22.42937,  time: 1206.168
pressure: 1016.325, temp: 22.42937,  time: 1221.242
pressure: 1016.325, temp: 22.42937,  time: 1236.253
pressure: 1016.325, temp: 22.42937,  time: 1251.314
pressure: 1015.79, temp: 22.42937,  time: 1266.315
pressure: 1016.592, temp: 22.42937,  time: 1281.446
pressure: 1016.293, temp: 22.41231,  time: 1296.493
pressure: 1016.026, temp: 22.41231,  time: 1311.612
pressure: 1016.262, temp: 22.39525,  time: 1326.627
pressure: 1017.158, temp: 22.44642,  time: 1341.729
pressure: 1016.026, temp: 22.41231,  time: 1356.766
pressure: 1016.325, temp: 22.42937,  time: 1371.864
pressure: 1016.325, temp: 22.42937,  time: 1386.852
pressure: 1016.057, temp: 22.42937,  time: 1401.974
pressure: 1016.356, temp: 22.44642,  time: 1428.923
pressure: 1016.121, temp: 22.46348,  time: 1443.966
pressure: 1016.388, temp: 22.46348,  time: 1470.929
pressure: 1016.356, temp: 22.44642,  time: 1497.913
pressure: 1016.388, temp: 22.46348,  time: 1513.059
pressure: 1016.356, temp: 22.44642,  time: 1540.061
pressure: 1016.121, temp: 22.46348,  time: 1555.153
pressure: 1016.089, temp: 22.44642,  time: 1570.287
pressure: 1016.356, temp: 22.44642,  time: 1585.412
pressure: 1016.089, temp: 22.44642,  time: 1600.539
pressure: 1016.089, temp: 22.44642,  time: 1627.551
pressure: 1016.388, temp: 22.46348,  time: 1642.613
pressure: 1016.388, temp: 22.46348,  time: 1657.712
pressure: 1016.388, temp: 22.46348,  time: 1672.782
pressure: 1016.152, temp: 22.48053,  time: 1687.914
pressure: 1016.388, temp: 22.46348,  time: 1714.924
pressure: 1016.388, temp: 22.46348,  time: 1741.976
pressure: 1016.42, temp: 22.48053,  time: 1757.078
pressure: 1016.388, temp: 22.46348,  time: 1772.226
pressure: 1016.121, temp: 22.46348,  time: 1787.348
pressure: 1016.388, temp: 22.46348,  time: 1814.441
pressure: 1016.121, temp: 22.46348,  time: 1829.629
pressure: 1016.121, temp: 22.46348,  time: 1844.728
pressure: 1016.388, temp: 22.46348,  time: 1859.923
pressure: 1016.356, temp: 22.44642,  time: 1898.941
pressure: 1016.655, temp: 22.46348,  time: 1914.115
pressure: 1016.152, temp: 22.48053,  time: 1965.085
pressure: 1016.655, temp: 22.46348,  time: 1980.195
pressure: 1016.121, temp: 22.46348,  time: 1995.33
pressure: 1016.42, temp: 22.48053,  time: 2034.461
pressure: 1016.089, temp: 22.44642,  time: 2073.611
pressure: 1016.624, temp: 22.44642,  time: 2088.731
pressure: 1016.121, temp: 22.46348,  time: 2103.921
pressure: 1016.325, temp: 22.42937,  time: 2155.067
pressure: 1016.356, temp: 22.44642,  time: 2170.23
pressure: 1016.356, temp: 22.44642,  time: 2185.409
pressure: 1016.089, temp: 22.44642,  time: 2200.594
pressure: 1016.121, temp: 22.46348,  time: 2215.763
pressure: 1016.121, temp: 22.46348,  time: 2242.935
pressure: 1016.089, temp: 22.44642,  time: 2258.088
pressure: 1016.089, temp: 22.44642,  time: 2273.304
pressure: 1016.388, temp: 22.46348,  time: 2300.567
pressure: 1016.089, temp: 22.44642,  time: 2315.809
pressure: 1016.121, temp: 22.46348,  time: 2330.976
pressure: 1016.388, temp: 22.46348,  time: 2346.146
pressure: 1016.089, temp: 22.44642,  time: 2361.331
pressure: 1016.388, temp: 22.46348,  time: 2424.318
pressure: 1016.388, temp: 22.46348,  time: 2439.508
pressure: 1016.388, temp: 22.46348,  time: 2454.656
pressure: 1016.089, temp: 22.44642,  time: 2469.875
pressure: 1016.089, temp: 22.44642,  time: 2484.983
pressure: 1016.325, temp: 22.42937,  time: 2500.22
pressure: 1016.356, temp: 22.44642,  time: 2527.389
pressure: 1016.089, temp: 22.44642,  time: 2566.568
pressure: 1016.089, temp: 22.44642,  time: 2581.799
pressure: 1016.624, temp: 22.44642,  time: 2596.987
pressure: 1016.089, temp: 22.44642,  time: 2612.198
pressure: 1016.089, temp: 22.44642,  time: 2627.418
pressure: 1015.853, temp: 22.46348,  time: 2642.59
pressure: 1016.356, temp: 22.44642,  time: 2657.773
pressure: 1016.325, temp: 22.42937,  time: 2684.932
pressure: 1016.089, temp: 22.44642,  time: 2724.143
pressure: 1016.356, temp: 22.44642,  time: 2739.29
pressure: 1016.089, temp: 22.44642,  time: 2754.532
pressure: 1016.356, temp: 22.44642,  time: 2769.757
pressure: 1016.356, temp: 22.44642,  time: 2784.995
pressure: 1016.089, temp: 22.44642,  time: 2800.136
pressure: 1016.325, temp: 22.42937,  time: 2839.465
pressure: 1015.79, temp: 22.42937,  time: 2878.703
pressure: 1016.293, temp: 22.41231,  time: 2893.882
pressure: 1016.592, temp: 22.42937,  time: 2909.069
pressure: 1016.56, temp: 22.41231,  time: 2924.263
pressure: 1016.057, temp: 22.42937,  time: 2939.476
pressure: 1016.057, temp: 22.42937,  time: 2966.681
pressure: 1016.057, temp: 22.42937,  time: 3005.911
pressure: 1016.026, temp: 22.41231,  time: 3021.102
pressure: 1016.262, temp: 22.39525,  time: 3036.294
pressure: 1016.026, temp: 22.41231,  time: 3051.551
pressure: 1016.057, temp: 22.42937,  time: 3078.811
pressure: 1016.56, temp: 22.41231,  time: 3094.062
pressure: 1016.293, temp: 22.41231,  time: 3121.306
pressure: 1015.758, temp: 22.41231,  time: 3136.53
pressure: 1016.057, temp: 22.42937,  time: 3151.779
pressure: 1016.592, temp: 22.42937,  time: 3179.063
pressure: 1016.293, temp: 22.41231,  time: 3194.219
pressure: 1016.026, temp: 22.41231,  time: 3209.533
pressure: 1016.026, temp: 22.41231,  time: 3248.816
pressure: 1016.293, temp: 22.41231,  time: 3264.057
pressure: 1015.79, temp: 22.42937,  time: 3279.312
pressure: 1016.293, temp: 22.41231,  time: 3306.651
pressure: 1015.758, temp: 22.41231,  time: 3321.921
pressure: 1016.325, temp: 22.42937,  time: 3337.178
pressure: 1016.057, temp: 22.42937,  time: 3352.432
pressure: 1016.293, temp: 22.41231,  time: 3367.668
pressure: 1016.057, temp: 22.42937,  time: 3382.979
pressure: 1016.057, temp: 22.42937,  time: 3410.339
pressure: 1016.293, temp: 22.41231,  time: 3461.65
pressure: 1016.026, temp: 22.41231,  time: 3500.954
pressure: 1016.057, temp: 22.42937,  time: 3516.224
pressure: 1015.758, temp: 22.41231,  time: 3531.394
pressure: 1016.057, temp: 22.42937,  time: 3546.668
pressure: 1015.758, temp: 22.41231,  time: 3561.916
pressure: 1016.057, temp: 22.42937,  time: 3577.26
pressure: 1016.057, temp: 22.42937,  time: 3592.463
pressure: 1016.325, temp: 22.42937,  time: 3668.033
pressure: 1015.822, temp: 22.44642,  time: 3683.297
pressure: 1015.79, temp: 22.42937,  time: 3698.493
pressure: 1015.822, temp: 22.44642,  time: 3737.93
pressure: 1016.057, temp: 22.42937,  time: 3753.144
pressure: 1015.822, temp: 22.44642,  time: 3792.554
pressure: 1016.089, temp: 22.44642,  time: 3820.004
pressure: 1015.79, temp: 22.42937,  time: 3835.279
pressure: 1015.822, temp: 22.44642,  time: 3850.565
pressure: 1016.121, temp: 22.46348,  time: 3865.823
pressure: 1015.79, temp: 22.42937,  time: 3929.516
pressure: 1015.822, temp: 22.44642,  time: 3944.73
pressure: 1016.356, temp: 22.44642,  time: 3960.037
pressure: 1016.089, temp: 22.44642,  time: 3975.285
pressure: 1016.089, temp: 22.44642,  time: 3990.674
pressure: 1015.79, temp: 22.42937,  time: 4018.037
pressure: 1016.356, temp: 22.44642,  time: 4033.329
pressure: 1015.853, temp: 22.46348,  time: 4060.726
pressure: 1016.089, temp: 22.44642,  time: 4076.172
pressure: 1016.42, temp: 22.48053,  time: 4091.428
pressure: 1016.152, temp: 22.48053,  time: 4106.794
pressure: 1015.885, temp: 22.48053,  time: 4122.044
pressure: 1015.853, temp: 22.46348,  time: 4137.413
pressure: 1015.586, temp: 22.46348,  time: 4152.714
pressure: 1016.388, temp: 22.46348,  time: 4180.087
pressure: 1016.152, temp: 22.48053,  time: 4195.231
pressure: 1016.152, temp: 22.48053,  time: 4222.354
pressure: 1015.853, temp: 22.46348,  time: 4237.535
pressure: 1015.853, temp: 22.46348,  time: 4252.709
pressure: 1015.885, temp: 22.48053,  time: 4267.85
pressure: 1015.853, temp: 22.46348,  time: 4283.027
pressure: 1015.586, temp: 22.46348,  time: 4310.197
pressure: 1015.853, temp: 22.46348,  time: 4325.508
pressure: 1015.885, temp: 22.48053,  time: 4340.678
pressure: 1015.853, temp: 22.46348,  time: 4355.841
pressure: 1015.885, temp: 22.48053,  time: 4371.021
pressure: 1016.089, temp: 22.44642,  time: 4386.222
pressure: 1016.089, temp: 22.44642,  time: 4413.426
pressure: 1016.121, temp: 22.46348,  time: 4428.568
pressure: 1016.089, temp: 22.44642,  time: 4443.768
pressure: 1015.586, temp: 22.46348,  time: 4470.865
pressure: 1016.121, temp: 22.46348,  time: 4486.148
pressure: 1015.853, temp: 22.46348,  time: 4501.286
pressure: 1016.152, temp: 22.48053,  time: 4516.454
pressure: 1016.121, temp: 22.46348,  time: 4531.521
pressure: 1015.853, temp: 22.46348,  time: 4546.69
pressure: 1015.586, temp: 22.46348,  time: 4561.804
pressure: 1016.121, temp: 22.46348,  time: 4589.012
pressure: 1016.152, temp: 22.48053,  time: 4604.184
pressure: 1015.853, temp: 22.46348,  time: 4619.257
pressure: 1015.853, temp: 22.46348,  time: 4634.423
pressure: 1015.853, temp: 22.46348,  time: 4673.517
pressure: 1015.853, temp: 22.46348,  time: 4700.617
pressure: 1015.885, temp: 22.48053,  time: 4715.732
pressure: 1015.885, temp: 22.48053,  time: 4730.866
pressure: 1015.586, temp: 22.46348,  time: 4746.057
pressure: 1015.885, temp: 22.48053,  time: 4761.2
pressure: 1016.121, temp: 22.46348,  time: 4776.337
pressure: 1015.617, temp: 22.48053,  time: 4803.526
pressure: 1016.687, temp: 22.48053,  time: 4842.788
pressure: 1015.586, temp: 22.46348,  time: 4869.923
pressure: 1015.586, temp: 22.46348,  time: 4885.119
pressure: 1015.586, temp: 22.46348,  time: 4900.265
pressure: 1015.853, temp: 22.46348,  time: 4915.52
pressure: 1015.617, temp: 22.48053,  time: 4954.663
pressure: 1015.617, temp: 22.48053,  time: 4969.86
pressure: 1015.885, temp: 22.48053,  time: 4984.989
pressure: 1015.885, temp: 22.48053,  time: 5012.248
pressure: 1015.885, temp: 22.48053,  time: 5027.475
pressure: 1016.089, temp: 22.44642,  time: 5042.614
pressure: 1015.885, temp: 22.48053,  time: 5057.907
pressure: 1015.885, temp: 22.48053,  time: 5073.1
pressure: 1015.885, temp: 22.48053,  time: 5088.352
pressure: 1015.885, temp: 22.48053,  time: 5103.477
pressure: 1016.121, temp: 22.46348,  time: 5118.735
pressure: 1015.617, temp: 22.48053,  time: 5133.881
pressure: 1015.617, temp: 22.48053,  time: 5161.165
pressure: 1015.586, temp: 22.46348,  time: 5176.354
pressure: 1016.152, temp: 22.48053,  time: 5191.549
pressure: 1015.617, temp: 22.48053,  time: 5255.007
pressure: 1015.617, temp: 22.48053,  time: 5270.211
pressure: 1015.586, temp: 22.46348,  time: 5285.471
pressure: 1015.586, temp: 22.46348,  time: 5324.8
pressure: 1015.617, temp: 22.48053,  time: 5340.109
pressure: 1015.885, temp: 22.48053,  time: 5355.284
pressure: 1015.885, temp: 22.48053,  time: 5370.54
pressure: 1015.617, temp: 22.48053,  time: 5385.729
pressure: 1015.617, temp: 22.48053,  time: 5413.064
pressure: 1015.885, temp: 22.48053,  time: 5452.421
pressure: 1015.885, temp: 22.48053,  time: 5467.653
pressure: 1015.617, temp: 22.48053,  time: 5482.899
pressure: 1015.853, temp: 22.46348,  time: 5510.262
pressure: 1015.885, temp: 22.48053,  time: 5525.509
pressure: 1016.152, temp: 22.48053,  time: 5565.03
pressure: 1016.152, temp: 22.48053,  time: 5580.22
pressure: 1015.35, temp: 22.48053,  time: 5595.59
pressure: 1015.617, temp: 22.48053,  time: 5610.803
pressure: 1015.649, temp: 22.49759,  time: 5626.069
pressure: 1015.885, temp: 22.48053,  time: 5641.243
pressure: 1015.35, temp: 22.48053,  time: 5656.488
pressure: 1015.885, temp: 22.48053,  time: 5671.704
pressure: 1016.152, temp: 22.48053,  time: 5698.951
pressure: 1015.885, temp: 22.48053,  time: 5714.22
pressure: 1015.318, temp: 22.46348,  time: 5729.414
pressure: 1015.617, temp: 22.48053,  time: 5744.689
pressure: 1015.381, temp: 22.49759,  time: 5784.093
pressure: 1015.916, temp: 22.49759,  time: 5799.428
pressure: 1015.381, temp: 22.49759,  time: 5826.693
pressure: 1015.649, temp: 22.49759,  time: 5841.984
pressure: 1016.184, temp: 22.49759,  time: 5857.244
pressure: 1015.649, temp: 22.49759,  time: 5872.508
pressure: 1015.649, temp: 22.49759,  time: 5899.827
pressure: 1015.916, temp: 22.49759,  time: 5915.142
pressure: 1015.381, temp: 22.49759,  time: 5930.412
pressure: 1015.381, temp: 22.49759,  time: 5945.635
pressure: 1015.413, temp: 22.51464,  time: 5960.858
pressure: 1015.649, temp: 22.49759,  time: 5976.091
pressure: 1015.649, temp: 22.49759,  time: 5991.335
pressure: 1015.649, temp: 22.49759,  time: 6006.673
pressure: 1015.381, temp: 22.49759,  time: 6021.894
pressure: 1015.413, temp: 22.51464,  time: 6037.183
pressure: 1015.916, temp: 22.49759,  time: 6052.411
pressure: 1015.68, temp: 22.51464,  time: 6067.646
pressure: 1015.413, temp: 22.51464,  time: 6107.102
pressure: 1015.916, temp: 22.49759,  time: 6134.419
pressure: 1015.413, temp: 22.51464,  time: 6149.671
pressure: 1015.413, temp: 22.51464,  time: 6177.057
pressure: 1015.381, temp: 22.49759,  time: 6192.253
pressure: 1015.35, temp: 22.48053,  time: 6219.638
pressure: 1015.916, temp: 22.49759,  time: 6246.982
pressure: 1015.381, temp: 22.49759,  time: 6262.349
pressure: 1015.649, temp: 22.49759,  time: 6277.611
pressure: 1015.948, temp: 22.51464,  time: 6292.945
pressure: 1015.948, temp: 22.51464,  time: 6308.149
pressure: 1015.617, temp: 22.48053,  time: 6323.467
pressure: 1015.381, temp: 22.49759,  time: 6338.735
pressure: 1015.649, temp: 22.49759,  time: 6366.145
pressure: 1015.381, temp: 22.49759,  time: 6381.468
pressure: 1015.381, temp: 22.49759,  time: 6396.673
pressure: 1015.649, temp: 22.49759,  time: 6424.105
pressure: 1015.617, temp: 22.48053,  time: 6451.516
pressure: 1015.381, temp: 22.49759,  time: 6466.809
pressure: 1015.649, temp: 22.49759,  time: 6482.094
pressure: 1015.617, temp: 22.48053,  time: 6497.393
pressure: 1015.617, temp: 22.48053,  time: 6512.794
pressure: 1015.617, temp: 22.48053,  time: 6528.107
pressure: 1015.586, temp: 22.46348,  time: 6543.356
pressure: 1015.586, temp: 22.46348,  time: 6558.48
pressure: 1015.554, temp: 22.44642,  time: 6573.612
pressure: 1015.287, temp: 22.44642,  time: 6600.767
pressure: 1015.554, temp: 22.44642,  time: 6615.888
pressure: 1015.554, temp: 22.44642,  time: 6631.024
pressure: 1015.287, temp: 22.44642,  time: 6658.15
pressure: 1015.586, temp: 22.46348,  time: 6673.367
pressure: 1015.822, temp: 22.44642,  time: 6688.515
pressure: 1015.523, temp: 22.42937,  time: 6715.552
pressure: 1015.255, temp: 22.42937,  time: 6730.767
pressure: 1015.554, temp: 22.44642,  time: 6745.849
pressure: 1015.318, temp: 22.46348,  time: 6761.112
pressure: 1015.318, temp: 22.46348,  time: 6776.207
pressure: 1015.586, temp: 22.46348,  time: 6791.414
pressure: 1015.822, temp: 22.44642,  time: 6806.493
pressure: 1015.586, temp: 22.46348,  time: 6821.649
pressure: 1015.554, temp: 22.44642,  time: 6836.792
pressure: 1015.318, temp: 22.46348,  time: 6851.947
pressure: 1015.586, temp: 22.46348,  time: 6867.023
pressure: 1015.586, temp: 22.46348,  time: 6894.081
pressure: 1015.554, temp: 22.44642,  time: 6921.203
pressure: 1015.586, temp: 22.46348,  time: 6936.393
pressure: 1015.586, temp: 22.46348,  time: 6951.472
pressure: 1015.287, temp: 22.44642,  time: 6978.581
pressure: 1015.287, temp: 22.44642,  time: 6993.867
pressure: 1015.822, temp: 22.44642,  time: 7021.019
pressure: 1015.318, temp: 22.46348,  time: 7072.072
pressure: 1015.586, temp: 22.46348,  time: 7087.274
pressure: 1015.586, temp: 22.46348,  time: 7102.479
pressure: 1015.586, temp: 22.46348,  time: 7129.62
pressure: 1015.35, temp: 22.48053,  time: 7144.725
pressure: 1015.318, temp: 22.46348,  time: 7159.935
pressure: 1015.554, temp: 22.44642,  time: 7175.104
pressure: 1015.586, temp: 22.46348,  time: 7190.307
pressure: 1015.822, temp: 22.44642,  time: 7205.436
pressure: 1015.554, temp: 22.44642,  time: 7220.663
pressure: 1015.287, temp: 22.44642,  time: 7235.86
pressure: 1015.586, temp: 22.46348,  time: 7251.086
pressure: 1015.554, temp: 22.44642,  time: 7266.283
pressure: 1015.287, temp: 22.44642,  time: 7281.522
pressure: 1015.019, temp: 22.44642,  time: 7296.652
pressure: 1015.554, temp: 22.44642,  time: 7323.861
pressure: 1015.255, temp: 22.42937,  time: 7339.184
pressure: 1015.287, temp: 22.44642,  time: 7378.28
pressure: 1015.287, temp: 22.44642,  time: 7393.523
pressure: 1015.019, temp: 22.44642,  time: 7408.688
pressure: 1015.318, temp: 22.46348,  time: 7423.964
pressure: 1015.287, temp: 22.44642,  time: 7439.081
pressure: 1015.287, temp: 22.44642,  time: 7502.378
pressure: 1015.586, temp: 22.46348,  time: 7517.677
pressure: 1015.287, temp: 22.44642,  time: 7532.848
pressure: 1015.318, temp: 22.46348,  time: 7548.055
pressure: 1015.051, temp: 22.46348,  time: 7563.242
pressure: 1015.318, temp: 22.46348,  time: 7578.43
pressure: 1015.617, temp: 22.48053,  time: 7605.629
pressure: 1015.082, temp: 22.48053,  time: 7620.845
pressure: 1015.051, temp: 22.46348,  time: 7636.005
pressure: 1015.617, temp: 22.48053,  time: 7651.255
pressure: 1015.114, temp: 22.49759,  time: 7666.407
pressure: 1015.617, temp: 22.48053,  time: 7681.693
pressure: 1015.082, temp: 22.48053,  time: 7696.862
pressure: 1015.35, temp: 22.48053,  time: 7712.185
pressure: 1015.617, temp: 22.48053,  time: 7727.349
pressure: 1015.318, temp: 22.46348,  time: 7754.578
pressure: 1015.35, temp: 22.48053,  time: 7769.856
pressure: 1015.082, temp: 22.48053,  time: 7785.072
pressure: 1015.082, temp: 22.48053,  time: 7800.295
pressure: 1015.35, temp: 22.48053,  time: 7815.427
pressure: 1014.815, temp: 22.48053,  time: 7830.649
pressure: 1015.051, temp: 22.46348,  time: 7845.848
pressure: 1015.082, temp: 22.48053,  time: 7873.072
pressure: 1015.885, temp: 22.48053,  time: 7888.301
pressure: 1015.082, temp: 22.48053,  time: 7903.429
pressure: 1015.082, temp: 22.48053,  time: 7918.663
pressure: 1015.381, temp: 22.49759,  time: 7933.869
pressure: 1015.35, temp: 22.48053,  time: 7949.175
pressure: 1014.846, temp: 22.49759,  time: 7964.334
pressure: 1015.082, temp: 22.48053,  time: 7979.623
pressure: 1015.082, temp: 22.48053,  time: 7994.749
pressure: 1015.082, temp: 22.48053,  time: 8010.046
pressure: 1015.082, temp: 22.48053,  time: 8025.217
pressure: 1015.082, temp: 22.48053,  time: 8052.393
pressure: 1015.35, temp: 22.48053,  time: 8067.631
pressure: 1014.784, temp: 22.46348,  time: 8082.795
pressure: 1015.019, temp: 22.44642,  time: 8098.087
pressure: 1015.019, temp: 22.44642,  time: 8113.248
pressure: 1015.019, temp: 22.44642,  time: 8128.503
pressure: 1015.019, temp: 22.44642,  time: 8143.651
pressure: 1015.287, temp: 22.44642,  time: 8158.926
pressure: 1015.019, temp: 22.44642,  time: 8186.251
pressure: 1015.019, temp: 22.44642,  time: 8213.527
pressure: 1015.255, temp: 22.42937,  time: 8228.749
pressure: 1015.287, temp: 22.44642,  time: 8243.985
pressure: 1015.255, temp: 22.42937,  time: 8259.304
pressure: 1014.956, temp: 22.41231,  time: 8274.527
pressure: 1015.523, temp: 22.42937,  time: 8289.735
pressure: 1014.689, temp: 22.41231,  time: 8329.005
pressure: 1014.988, temp: 22.42937,  time: 8367.916
pressure: 1015.224, temp: 22.41231,  time: 8394.911
pressure: 1014.956, temp: 22.41231,  time: 8410.082
pressure: 1015.255, temp: 22.42937,  time: 8425.206
pressure: 1015.224, temp: 22.41231,  time: 8452.236
pressure: 1015.491, temp: 22.41231,  time: 8467.388
pressure: 1014.72, temp: 22.42937,  time: 8518.296
pressure: 1015.255, temp: 22.42937,  time: 8533.377
pressure: 1014.988, temp: 22.42937,  time: 8560.431
pressure: 1014.988, temp: 22.42937,  time: 8575.535
pressure: 1015.255, temp: 22.42937,  time: 8590.652
pressure: 1014.72, temp: 22.42937,  time: 8629.73
pressure: 1014.72, temp: 22.42937,  time: 8644.832
pressure: 1015.255, temp: 22.42937,  time: 8659.997
pressure: 1014.72, temp: 22.42937,  time: 8687.114
pressure: 1015.019, temp: 22.44642,  time: 8726.124
pressure: 1015.051, temp: 22.46348,  time: 8753.201
pressure: 1015.019, temp: 22.44642,  time: 8768.368
pressure: 1015.051, temp: 22.46348,  time: 8783.485
pressure: 1015.318, temp: 22.46348,  time: 8846.491
pressure: 1014.784, temp: 22.46348,  time: 8861.663
pressure: 1014.784, temp: 22.46348,  time: 8876.891
pressure: 1014.548, temp: 22.48053,  time: 8892.048
pressure: 1015.082, temp: 22.48053,  time: 8943.187
pressure: 1014.815, temp: 22.48053,  time: 8994.14
pressure: 1014.815, temp: 22.48053,  time: 9033.2
pressure: 1014.846, temp: 22.49759,  time: 9072.204
pressure: 1015.114, temp: 22.49759,  time: 9099.326
pressure: 1014.815, temp: 22.48053,  time: 9138.473
pressure: 1014.846, temp: 22.49759,  time: 9213.479
pressure: 1014.815, temp: 22.48053,  time: 9252.483
pressure: 1014.579, temp: 22.49759,  time: 9303.635
pressure: 1014.548, temp: 22.48053,  time: 9318.827
pressure: 1015.114, temp: 22.49759,  time: 9346.0
pressure: 1015.082, temp: 22.48053,  time: 9361.119
pressure: 1014.846, temp: 22.49759,  time: 9376.297
pressure: 1014.846, temp: 22.49759,  time: 9403.479
pressure: 1015.082, temp: 22.48053,  time: 9478.629
pressure: 1015.114, temp: 22.49759,  time: 9493.813
pressure: 1014.846, temp: 22.49759,  time: 9508.979
pressure: 1015.145, temp: 22.51464,  time: 9524.151
pressure: 1014.548, temp: 22.48053,  time: 9551.296
pressure: 1014.878, temp: 22.51464,  time: 9566.606
pressure: 1014.846, temp: 22.49759,  time: 9581.78
pressure: 1014.846, temp: 22.49759,  time: 9621.027
pressure: 1014.878, temp: 22.51464,  time: 9672.253
pressure: 1014.611, temp: 22.51464,  time: 9735.485
pressure: 1014.878, temp: 22.51464,  time: 9750.774
pressure: 1014.611, temp: 22.51464,  time: 9778.005
pressure: 1014.846, temp: 22.49759,  time: 9793.2
pressure: 1014.579, temp: 22.49759,  time: 9832.62
pressure: 1014.548, temp: 22.48053,  time: 9871.935
pressure: 1014.28, temp: 22.48053,  time: 9887.171
pressure: 1014.846, temp: 22.49759,  time: 9902.376
pressure: 1014.878, temp: 22.51464,  time: 9917.678
pressure: 1014.579, temp: 22.49759,  time: 9944.918
pressure: 1015.114, temp: 22.49759,  time: 9996.28
pressure: 1014.579, temp: 22.49759,  time: 10011.5
pressure: 1014.579, temp: 22.49759,  time: 10062.89
pressure: 1014.28, temp: 22.48053,  time: 10102.23
pressure: 1014.878, temp: 22.51464,  time: 10117.44
pressure: 1015.114, temp: 22.49759,  time: 10144.63
pressure: 1014.611, temp: 22.51464,  time: 10159.87
pressure: 1014.846, temp: 22.49759,  time: 10175.08
pressure: 1014.611, temp: 22.51464,  time: 10190.34
pressure: 1015.145, temp: 22.51464,  time: 10205.51
pressure: 1014.846, temp: 22.49759,  time: 10220.78
pressure: 1014.312, temp: 22.49759,  time: 10235.99
pressure: 1014.611, temp: 22.51464,  time: 10251.3
pressure: 1014.878, temp: 22.51464,  time: 10266.57
pressure: 1014.343, temp: 22.51464,  time: 10281.87
pressure: 1014.044, temp: 22.49759,  time: 10297.05
pressure: 1014.579, temp: 22.49759,  time: 10324.35
pressure: 1014.312, temp: 22.49759,  time: 10339.7
pressure: 1014.611, temp: 22.51464,  time: 10354.89
pressure: 1014.312, temp: 22.49759,  time: 10370.19
pressure: 1014.579, temp: 22.49759,  time: 10385.38
pressure: 1014.312, temp: 22.49759,  time: 10412.66
pressure: 1014.611, temp: 22.51464,  time: 10452.11
pressure: 1014.846, temp: 22.49759,  time: 10479.45
pressure: 1014.878, temp: 22.51464,  time: 10494.75
pressure: 1014.611, temp: 22.51464,  time: 10510.09
pressure: 1014.611, temp: 22.51464,  time: 10525.34
pressure: 1014.611, temp: 22.51464,  time: 10540.62
pressure: 1014.611, temp: 22.51464,  time: 10555.88
pressure: 1014.878, temp: 22.51464,  time: 10571.19
pressure: 1014.312, temp: 22.49759,  time: 10586.46
pressure: 1014.579, temp: 22.49759,  time: 10601.77
pressure: 1014.312, temp: 22.49759,  time: 10629.14
pressure: 1014.846, temp: 22.49759,  time: 10644.41
pressure: 1014.846, temp: 22.49759,  time: 10659.7
pressure: 1014.579, temp: 22.49759,  time: 10675.06
pressure: 1014.548, temp: 22.48053,  time: 10690.34
pressure: 1014.548, temp: 22.48053,  time: 10717.8
pressure: 1014.579, temp: 22.49759,  time: 10733.11
pressure: 1014.516, temp: 22.46348,  time: 10748.41
pressure: 1014.548, temp: 22.48053,  time: 10763.75
pressure: 1014.249, temp: 22.46348,  time: 10791.1
pressure: 1014.548, temp: 22.48053,  time: 10806.45
pressure: 1014.013, temp: 22.48053,  time: 10845.92
pressure: 1014.815, temp: 22.48053,  time: 10861.29
pressure: 1014.846, temp: 22.49759,  time: 10876.53
pressure: 1014.548, temp: 22.48053,  time: 10891.86
pressure: 1014.815, temp: 22.48053,  time: 10907.12
pressure: 1014.548, temp: 22.48053,  time: 10922.45
pressure: 1014.28, temp: 22.48053,  time: 10937.78
pressure: 1014.249, temp: 22.46348,  time: 10953.17
pressure: 1014.815, temp: 22.48053,  time: 10980.63
pressure: 1014.516, temp: 22.46348,  time: 10995.88
pressure: 1014.548, temp: 22.48053,  time: 11011.27
pressure: 1014.516, temp: 22.46348,  time: 11026.58
pressure: 1014.249, temp: 22.46348,  time: 11102.43
pressure: 1014.28, temp: 22.48053,  time: 11129.79
pressure: 1014.28, temp: 22.48053,  time: 11145.08
pressure: 1014.013, temp: 22.48053,  time: 11160.33
pressure: 1014.013, temp: 22.48053,  time: 11175.67
pressure: 1014.548, temp: 22.48053,  time: 11215.19
pressure: 1014.784, temp: 22.46348,  time: 11266.81
pressure: 1014.249, temp: 22.46348,  time: 11318.31
pressure: 1013.982, temp: 22.46348,  time: 11345.43
pressure: 1014.28, temp: 22.48053,  time: 11372.63
pressure: 1014.28, temp: 22.48053,  time: 11387.85
pressure: 1014.312, temp: 22.49759,  time: 11403.0
pressure: 1014.28, temp: 22.48053,  time: 11418.24
pressure: 1014.28, temp: 22.48053,  time: 11433.34
pressure: 1014.312, temp: 22.49759,  time: 11448.58
pressure: 1013.982, temp: 22.46348,  time: 11475.67
pressure: 1014.044, temp: 22.49759,  time: 11490.81
pressure: 1014.044, temp: 22.49759,  time: 11505.95
pressure: 1014.579, temp: 22.49759,  time: 11521.07
pressure: 1014.312, temp: 22.49759,  time: 11536.28
pressure: 1014.013, temp: 22.48053,  time: 11551.41
pressure: 1014.013, temp: 22.48053,  time: 11566.58
pressure: 1014.013, temp: 22.48053,  time: 11581.74
pressure: 1014.28, temp: 22.48053,  time: 11621.02
pressure: 1014.013, temp: 22.48053,  time: 11648.26
pressure: 1014.28, temp: 22.48053,  time: 11663.43
pressure: 1014.013, temp: 22.48053,  time: 11678.61
pressure: 1014.28, temp: 22.48053,  time: 11693.78
pressure: 1014.044, temp: 22.49759,  time: 11721.05
pressure: 1014.28, temp: 22.48053,  time: 11748.23
pressure: 1013.777, temp: 22.49759,  time: 11787.54
pressure: 1013.777, temp: 22.49759,  time: 11802.69
pressure: 1014.044, temp: 22.49759,  time: 11817.94
pressure: 1013.745, temp: 22.48053,  time: 11833.09
pressure: 1014.28, temp: 22.48053,  time: 11848.38
pressure: 1014.312, temp: 22.49759,  time: 11863.57
pressure: 1014.343, temp: 22.51464,  time: 11878.9
pressure: 1014.611, temp: 22.51464,  time: 11894.04
pressure: 1014.579, temp: 22.49759,  time: 11909.3
pressure: 1014.076, temp: 22.51464,  time: 11924.47
pressure: 1014.076, temp: 22.51464,  time: 11939.75
pressure: 1014.044, temp: 22.49759,  time: 11954.94
pressure: 1014.343, temp: 22.51464,  time: 11970.19
pressure: 1013.808, temp: 22.51464,  time: 11985.35
pressure: 1014.343, temp: 22.51464,  time: 12000.64
pressure: 1014.343, temp: 22.51464,  time: 12015.81
pressure: 1014.343, temp: 22.51464,  time: 12031.13
pressure: 1014.107, temp: 22.5317,  time: 12046.29
pressure: 1014.076, temp: 22.51464,  time: 12061.57
pressure: 1014.406, temp: 22.54876,  time: 12076.79
pressure: 1014.674, temp: 22.54876,  time: 12092.09
pressure: 1013.871, temp: 22.54876,  time: 12107.28
pressure: 1013.871, temp: 22.54876,  time: 12122.6
pressure: 1014.375, temp: 22.5317,  time: 12137.78
pressure: 1014.406, temp: 22.54876,  time: 12153.11
pressure: 1014.139, temp: 22.54876,  time: 12168.29
pressure: 1014.406, temp: 22.54876,  time: 12183.54
pressure: 1013.871, temp: 22.54876,  time: 12198.76
pressure: 1013.871, temp: 22.54876,  time: 12214.06
pressure: 1014.406, temp: 22.54876,  time: 12229.23
pressure: 1014.17, temp: 22.56581,  time: 12244.53
pressure: 1013.871, temp: 22.54876,  time: 12259.67
pressure: 1013.871, temp: 22.54876,  time: 12274.96
pressure: 1014.406, temp: 22.54876,  time: 12290.14
pressure: 1014.406, temp: 22.54876,  time: 12305.47
pressure: 1014.406, temp: 22.54876,  time: 12320.63
pressure: 1014.438, temp: 22.56581,  time: 12335.89
pressure: 1014.139, temp: 22.54876,  time: 12351.12
pressure: 1014.139, temp: 22.54876,  time: 12366.43
pressure: 1014.375, temp: 22.5317,  time: 12381.58
pressure: 1014.139, temp: 22.54876,  time: 12396.81
pressure: 1014.674, temp: 22.54876,  time: 12411.95
pressure: 1014.139, temp: 22.54876,  time: 12427.21
pressure: 1013.84, temp: 22.5317,  time: 12442.41
pressure: 1014.107, temp: 22.5317,  time: 12457.68
pressure: 1014.139, temp: 22.54876,  time: 12472.84
pressure: 1013.84, temp: 22.5317,  time: 12488.13
pressure: 1014.107, temp: 22.5317,  time: 12503.29
pressure: 1014.375, temp: 22.5317,  time: 12518.63
pressure: 1013.84, temp: 22.5317,  time: 12533.87
pressure: 1014.107, temp: 22.5317,  time: 12549.14
pressure: 1014.343, temp: 22.51464,  time: 12564.28
pressure: 1013.777, temp: 22.49759,  time: 12579.53
pressure: 1013.541, temp: 22.51464,  time: 12594.68
pressure: 1014.076, temp: 22.51464,  time: 12610.01
pressure: 1014.107, temp: 22.5317,  time: 12625.15
pressure: 1014.076, temp: 22.51464,  time: 12640.39
pressure: 1014.28, temp: 22.48053,  time: 12655.54
pressure: 1014.107, temp: 22.5317,  time: 12670.81
pressure: 1014.343, temp: 22.51464,  time: 12686.04
pressure: 1013.808, temp: 22.51464,  time: 12701.29
pressure: 1014.312, temp: 22.49759,  time: 12716.46
pressure: 1013.777, temp: 22.49759,  time: 12731.79
pressure: 1013.777, temp: 22.49759,  time: 12747.0
pressure: 1013.777, temp: 22.49759,  time: 12762.33
pressure: 1014.076, temp: 22.51464,  time: 12777.53
pressure: 1013.777, temp: 22.49759,  time: 12792.8
pressure: 1014.044, temp: 22.49759,  time: 12807.97
pressure: 1013.777, temp: 22.49759,  time: 12823.25
pressure: 1014.28, temp: 22.48053,  time: 12838.45
pressure: 1014.312, temp: 22.49759,  time: 12853.78
pressure: 1014.312, temp: 22.49759,  time: 12868.94
pressure: 1014.044, temp: 22.49759,  time: 12884.21
pressure: 1014.28, temp: 22.48053,  time: 12899.43
pressure: 1014.579, temp: 22.49759,  time: 12914.73
pressure: 1014.044, temp: 22.49759,  time: 12929.97
pressure: 1013.808, temp: 22.51464,  time: 12945.25
pressure: 1014.312, temp: 22.49759,  time: 12960.46
pressure: 1014.076, temp: 22.51464,  time: 12975.86
pressure: 1014.312, temp: 22.49759,  time: 12991.05
pressure: 1014.044, temp: 22.49759,  time: 13006.42
pressure: 1013.777, temp: 22.49759,  time: 13021.7
pressure: 1014.044, temp: 22.49759,  time: 13036.83
pressure: 1013.777, temp: 22.49759,  time: 13051.88
pressure: 1013.777, temp: 22.49759,  time: 13067.02
pressure: 1014.013, temp: 22.48053,  time: 13082.05
pressure: 1014.312, temp: 22.49759,  time: 13097.25
pressure: 1014.044, temp: 22.49759,  time: 13112.3
pressure: 1013.777, temp: 22.49759,  time: 13127.47
pressure: 1014.044, temp: 22.49759,  time: 13142.5
pressure: 1014.044, temp: 22.49759,  time: 13157.67
pressure: 1014.044, temp: 22.49759,  time: 13172.79
pressure: 1014.013, temp: 22.48053,  time: 13187.99
pressure: 1014.044, temp: 22.49759,  time: 13203.08
pressure: 1014.28, temp: 22.48053,  time: 13218.32
pressure: 1014.579, temp: 22.49759,  time: 13233.36
pressure: 1013.777, temp: 22.49759,  time: 13248.57
pressure: 1014.28, temp: 22.48053,  time: 13263.64
pressure: 1013.777, temp: 22.49759,  time: 13278.82
pressure: 1014.076, temp: 22.51464,  time: 13293.87
pressure: 1013.777, temp: 22.49759,  time: 13309.02
pressure: 1014.312, temp: 22.49759,  time: 13324.14
pressure: 1014.044, temp: 22.49759,  time: 13339.35
pressure: 1013.777, temp: 22.49759,  time: 13354.4
pressure: 1013.777, temp: 22.49759,  time: 13369.56
pressure: 1014.013, temp: 22.48053,  time: 13384.67
pressure: 1013.808, temp: 22.51464,  time: 13399.84
pressure: 1014.076, temp: 22.51464,  time: 13414.99
pressure: 1014.076, temp: 22.51464,  time: 13430.15
pressure: 1014.076, temp: 22.51464,  time: 13445.22
pressure: 1014.044, temp: 22.49759,  time: 13460.43
pressure: 1014.343, temp: 22.51464,  time: 13475.46
pressure: 1014.312, temp: 22.49759,  time: 13490.68
pressure: 1013.777, temp: 22.49759,  time: 13505.73
pressure: 1014.076, temp: 22.51464,  time: 13520.9
pressure: 1014.076, temp: 22.51464,  time: 13535.93
pressure: 1014.076, temp: 22.51464,  time: 13551.05
pressure: 1014.076, temp: 22.51464,  time: 13566.11
pressure: 1013.808, temp: 22.51464,  time: 13581.3
pressure: 1014.076, temp: 22.51464,  time: 13596.34
pressure: 1013.573, temp: 22.5317,  time: 13611.49
pressure: 1014.343, temp: 22.51464,  time: 13626.59
pressure: 1014.642, temp: 22.5317,  time: 13641.79
pressure: 1013.84, temp: 22.5317,  time: 13656.91
pressure: 1014.375, temp: 22.5317,  time: 13672.07
pressure: 1014.375, temp: 22.5317,  time: 13687.13
pressure: 1013.573, temp: 22.5317,  time: 13702.37
pressure: 1014.375, temp: 22.5317,  time: 13717.39
pressure: 1013.84, temp: 22.5317,  time: 13732.56
pressure: 1014.343, temp: 22.51464,  time: 13747.62
pressure: 1014.343, temp: 22.51464,  time: 13762.75
pressure: 1014.343, temp: 22.51464,  time: 13777.8
pressure: 1013.808, temp: 22.51464,  time: 13792.93
pressure: 1014.044, temp: 22.49759,  time: 13808.0
pressure: 1014.343, temp: 22.51464,  time: 13823.21
pressure: 1014.343, temp: 22.51464,  time: 13838.27
pressure: 1014.076, temp: 22.51464,  time: 13853.48
pressure: 1014.076, temp: 22.51464,  time: 13868.58
pressure: 1014.312, temp: 22.49759,  time: 13883.75
pressure: 1014.044, temp: 22.49759,  time: 13898.87
pressure: 1013.777, temp: 22.49759,  time: 13914.04
pressure: 1013.777, temp: 22.49759,  time: 13929.14
pressure: 1014.579, temp: 22.49759,  time: 13944.35
pressure: 1014.579, temp: 22.49759,  time: 13959.4
pressure: 1014.044, temp: 22.49759,  time: 13974.62
pressure: 1014.611, temp: 22.51464,  time: 13989.7
pressure: 1014.312, temp: 22.49759,  time: 14004.88
pressure: 1014.312, temp: 22.49759,  time: 14019.94
pressure: 1014.044, temp: 22.49759,  time: 14035.12
pressure: 1013.745, temp: 22.48053,  time: 14050.22
pressure: 1014.044, temp: 22.49759,  time: 14065.53
pressure: 1013.777, temp: 22.49759,  time: 14080.62
pressure: 1014.343, temp: 22.51464,  time: 14095.81
pressure: 1014.076, temp: 22.51464,  time: 14110.92
pressure: 1014.611, temp: 22.51464,  time: 14126.12
pressure: 1014.343, temp: 22.51464,  time: 14141.28
pressure: 1014.343, temp: 22.51464,  time: 14156.47
pressure: 1014.343, temp: 22.51464,  time: 14171.56
pressure: 1014.044, temp: 22.49759,  time: 14186.81
pressure: 1014.107, temp: 22.5317,  time: 14201.87
pressure: 1014.107, temp: 22.5317,  time: 14217.12
pressure: 1014.375, temp: 22.5317,  time: 14232.22
pressure: 1014.375, temp: 22.5317,  time: 14247.43
pressure: 1013.808, temp: 22.51464,  time: 14262.54
pressure: 1014.076, temp: 22.51464,  time: 14277.79
pressure: 1014.076, temp: 22.51464,  time: 14292.94
pressure: 1014.312, temp: 22.49759,  time: 14308.24
pressure: 1013.808, temp: 22.51464,  time: 14323.34
pressure: 1014.076, temp: 22.51464,  time: 14338.55
pressure: 1014.343, temp: 22.51464,  time: 14353.71
pressure: 1014.044, temp: 22.49759,  time: 14368.96
pressure: 1014.044, temp: 22.49759,  time: 14384.1
pressure: 1013.808, temp: 22.51464,  time: 14399.33
pressure: 1014.343, temp: 22.51464,  time: 14414.46
pressure: 1014.343, temp: 22.51464,  time: 14429.74
pressure: 1014.579, temp: 22.49759,  time: 14444.85
pressure: 1014.013, temp: 22.48053,  time: 14460.13
pressure: 1014.044, temp: 22.49759,  time: 14475.26
pressure: 1014.044, temp: 22.49759,  time: 14490.52
pressure: 1014.28, temp: 22.48053,  time: 14505.74
pressure: 1013.777, temp: 22.49759,  time: 14520.97
pressure: 1014.312, temp: 22.49759,  time: 14536.1
pressure: 1013.745, temp: 22.48053,  time: 14551.39
pressure: 1014.013, temp: 22.48053,  time: 14566.54
pressure: 1014.28, temp: 22.48053,  time: 14581.75
pressure: 1014.044, temp: 22.49759,  time: 14596.87
pressure: 1014.249, temp: 22.46348,  time: 14612.08
pressure: 1014.28, temp: 22.48053,  time: 14627.23
pressure: 1014.013, temp: 22.48053,  time: 14642.43
pressure: 1013.982, temp: 22.46348,  time: 14657.54
pressure: 1014.249, temp: 22.46348,  time: 14672.81
pressure: 1014.249, temp: 22.46348,  time: 14687.9
pressure: 1013.714, temp: 22.46348,  time: 14703.21
pressure: 1014.217, temp: 22.44642,  time: 14718.36
pressure: 1013.982, temp: 22.46348,  time: 14733.59
pressure: 1014.28, temp: 22.48053,  time: 14748.69
pressure: 1014.217, temp: 22.44642,  time: 14763.91
pressure: 1013.919, temp: 22.42937,  time: 14779.02
pressure: 1013.682, temp: 22.44642,  time: 14794.33
pressure: 1013.982, temp: 22.46348,  time: 14809.42
pressure: 1013.682, temp: 22.44642,  time: 14824.63
pressure: 1014.249, temp: 22.46348,  time: 14839.76
pressure: 1014.249, temp: 22.46348,  time: 14854.99
pressure: 1014.516, temp: 22.46348,  time: 14870.17
pressure: 1013.95, temp: 22.44642,  time: 14885.4
pressure: 1014.217, temp: 22.44642,  time: 14900.52
pressure: 1014.186, temp: 22.42937,  time: 14915.81
pressure: 1014.485, temp: 22.44642,  time: 14931.02
pressure: 1013.919, temp: 22.42937,  time: 14946.29
pressure: 1013.95, temp: 22.44642,  time: 14961.4
pressure: 1013.95, temp: 22.44642,  time: 14976.64
pressure: 1014.453, temp: 22.42937,  time: 14991.73
pressure: 1014.186, temp: 22.42937,  time: 15006.96
pressure: 1013.651, temp: 22.42937,  time: 15022.08
pressure: 1014.186, temp: 22.42937,  time: 15037.36
pressure: 1014.217, temp: 22.44642,  time: 15052.46
pressure: 1013.95, temp: 22.44642,  time: 15067.67
pressure: 1013.95, temp: 22.44642,  time: 15082.81
pressure: 1013.95, temp: 22.44642,  time: 15098.04
pressure: 1014.249, temp: 22.46348,  time: 15113.22
pressure: 1013.95, temp: 22.44642,  time: 15128.45
pressure: 1014.217, temp: 22.44642,  time: 15143.65
pressure: 1014.217, temp: 22.44642,  time: 15158.94
pressure: 1014.453, temp: 22.42937,  time: 15174.07
pressure: 1013.982, temp: 22.46348,  time: 15189.34
pressure: 1013.982, temp: 22.46348,  time: 15204.48
pressure: 1013.982, temp: 22.46348,  time: 15219.72
pressure: 1013.95, temp: 22.44642,  time: 15234.85
pressure: 1013.714, temp: 22.46348,  time: 15250.07
pressure: 1014.217, temp: 22.44642,  time: 15265.22
pressure: 1013.982, temp: 22.46348,  time: 15280.49
pressure: 1014.516, temp: 22.46348,  time: 15295.66
pressure: 1013.95, temp: 22.44642,  time: 15310.87
pressure: 1014.013, temp: 22.48053,  time: 15326.03
pressure: 1013.95, temp: 22.44642,  time: 15341.31
pressure: 1014.28, temp: 22.48053,  time: 15356.57
pressure: 1013.714, temp: 22.46348,  time: 15371.82
pressure: 1013.982, temp: 22.46348,  time: 15387.01
pressure: 1013.982, temp: 22.46348,  time: 15402.3
pressure: 1013.982, temp: 22.46348,  time: 15417.45
pressure: 1014.516, temp: 22.46348,  time: 15432.75
pressure: 1014.013, temp: 22.48053,  time: 15447.91
pressure: 1014.013, temp: 22.48053,  time: 15463.16
pressure: 1013.982, temp: 22.46348,  time: 15478.32
pressure: 1013.982, temp: 22.46348,  time: 15493.56
pressure: 1013.982, temp: 22.46348,  time: 15508.74
pressure: 1013.982, temp: 22.46348,  time: 15524.06
pressure: 1013.982, temp: 22.46348,  time: 15539.24
pressure: 1013.714, temp: 22.46348,  time: 15554.5
pressure: 1013.95, temp: 22.44642,  time: 15569.73
pressure: 1013.714, temp: 22.46348,  time: 15585.03
pressure: 1013.682, temp: 22.44642,  time: 15600.29
pressure: 1013.447, temp: 22.46348,  time: 15615.55
pressure: 1013.682, temp: 22.44642,  time: 15630.74
pressure: 1013.95, temp: 22.44642,  time: 15646.08
pressure: 1013.682, temp: 22.44642,  time: 15661.26
pressure: 1013.682, temp: 22.44642,  time: 15676.61
pressure: 1013.651, temp: 22.42937,  time: 15691.79
pressure: 1014.217, temp: 22.44642,  time: 15707.04
pressure: 1013.95, temp: 22.44642,  time: 15722.22
pressure: 1013.887, temp: 22.41231,  time: 15737.47
pressure: 1013.919, temp: 22.42937,  time: 15752.71
pressure: 1013.887, temp: 22.41231,  time: 15768.02
pressure: 1013.887, temp: 22.41231,  time: 15783.24
pressure: 1014.422, temp: 22.41231,  time: 15798.5
pressure: 1013.62, temp: 22.41231,  time: 15813.69
pressure: 1013.887, temp: 22.41231,  time: 15828.95
pressure: 1014.39, temp: 22.39525,  time: 15844.17
pressure: 1013.824, temp: 22.3782,  time: 15859.44
pressure: 1013.824, temp: 22.3782,  time: 15874.62
pressure: 1013.824, temp: 22.3782,  time: 15889.96
pressure: 1014.092, temp: 22.3782,  time: 15905.09
pressure: 1013.856, temp: 22.39525,  time: 15920.36
pressure: 1013.856, temp: 22.39525,  time: 15935.52
pressure: 1013.824, temp: 22.3782,  time: 15950.77
pressure: 1013.588, temp: 22.39525,  time: 15965.92
pressure: 1013.588, temp: 22.39525,  time: 15981.16
pressure: 1014.154, temp: 22.41231,  time: 15996.38
pressure: 1013.856, temp: 22.39525,  time: 16011.72
pressure: 1013.588, temp: 22.39525,  time: 16026.9
pressure: 1013.62, temp: 22.41231,  time: 16042.14
pressure: 1013.588, temp: 22.39525,  time: 16057.33
pressure: 1013.856, temp: 22.39525,  time: 16072.62
pressure: 1013.856, temp: 22.39525,  time: 16087.87
pressure: 1013.856, temp: 22.39525,  time: 16103.12
pressure: 1013.824, temp: 22.3782,  time: 16118.31
pressure: 1013.856, temp: 22.39525,  time: 16133.66
pressure: 1014.092, temp: 22.3782,  time: 16148.83
pressure: 1013.289, temp: 22.3782,  time: 16164.13
pressure: 1013.557, temp: 22.3782,  time: 16179.29
pressure: 1013.588, temp: 22.39525,  time: 16194.56
pressure: 1013.588, temp: 22.39525,  time: 16209.78
pressure: 1014.359, temp: 22.3782,  time: 16225.07
pressure: 1013.793, temp: 22.36114,  time: 16240.27
pressure: 1013.824, temp: 22.3782,  time: 16255.59
pressure: 1013.824, temp: 22.3782,  time: 16270.76
pressure: 1013.793, temp: 22.36114,  time: 16286.05
pressure: 1013.793, temp: 22.36114,  time: 16301.23
pressure: 1013.793, temp: 22.36114,  time: 16316.51
pressure: 1013.793, temp: 22.36114,  time: 16331.74
pressure: 1014.06, temp: 22.36114,  time: 16347.0
pressure: 1014.327, temp: 22.36114,  time: 16362.21
pressure: 1014.092, temp: 22.3782,  time: 16377.53
pressure: 1013.824, temp: 22.3782,  time: 16392.71
pressure: 1013.525, temp: 22.36114,  time: 16408.03
pressure: 1014.029, temp: 22.34409,  time: 16423.27
pressure: 1014.06, temp: 22.36114,  time: 16438.59
pressure: 1014.06, temp: 22.36114,  time: 16453.79
pressure: 1013.761, temp: 22.34409,  time: 16469.08
pressure: 1013.761, temp: 22.34409,  time: 16484.29
pressure: 1013.494, temp: 22.34409,  time: 16499.68
pressure: 1014.296, temp: 22.34409,  time: 16514.87
pressure: 1013.494, temp: 22.34409,  time: 16530.15
pressure: 1014.029, temp: 22.34409,  time: 16545.37
pressure: 1013.73, temp: 22.32703,  time: 16560.68
pressure: 1014.029, temp: 22.34409,  time: 16575.96
pressure: 1013.73, temp: 22.32703,  time: 16591.26
pressure: 1013.793, temp: 22.36114,  time: 16606.48
pressure: 1013.761, temp: 22.34409,  time: 16621.86
pressure: 1013.525, temp: 22.36114,  time: 16637.12
pressure: 1013.557, temp: 22.3782,  time: 16652.5
pressure: 1013.824, temp: 22.3782,  time: 16667.75
pressure: 1013.588, temp: 22.39525,  time: 16683.07
pressure: 1013.824, temp: 22.3782,  time: 16698.29
pressure: 1013.588, temp: 22.39525,  time: 16713.64
pressure: 1013.62, temp: 22.41231,  time: 16728.87
pressure: 1013.856, temp: 22.39525,  time: 16744.23
pressure: 1013.352, temp: 22.41231,  time: 16759.47
pressure: 1013.588, temp: 22.39525,  time: 16774.79
pressure: 1013.62, temp: 22.41231,  time: 16790.05
pressure: 1013.856, temp: 22.39525,  time: 16805.38
pressure: 1013.62, temp: 22.41231,  time: 16820.69
pressure: 1013.588, temp: 22.39525,  time: 16836.04
pressure: 1013.651, temp: 22.42937,  time: 16851.38
pressure: 1013.651, temp: 22.42937,  time: 16866.77
pressure: 1013.682, temp: 22.44642,  time: 16882.0
pressure: 1013.62, temp: 22.41231,  time: 16897.37
pressure: 1013.651, temp: 22.42937,  time: 16912.61
pressure: 1013.682, temp: 22.44642,  time: 16927.96
pressure: 1013.714, temp: 22.46348,  time: 16943.23
pressure: 1013.682, temp: 22.44642,  time: 16958.51
pressure: 1013.682, temp: 22.44642,  time: 16973.75
pressure: 1013.415, temp: 22.44642,  time: 16989.12
pressure: 1013.714, temp: 22.46348,  time: 17004.35
pressure: 1013.682, temp: 22.44642,  time: 17019.66
pressure: 1013.95, temp: 22.44642,  time: 17034.89
pressure: 1013.714, temp: 22.46348,  time: 17050.23
pressure: 1013.982, temp: 22.46348,  time: 17065.62
pressure: 1013.714, temp: 22.46348,  time: 17080.94
pressure: 1013.714, temp: 22.46348,  time: 17096.21
pressure: 1013.714, temp: 22.46348,  time: 17111.51
pressure: 1013.714, temp: 22.46348,  time: 17126.71
pressure: 1013.478, temp: 22.48053,  time: 17142.08
pressure: 1013.682, temp: 22.44642,  time: 17157.29
pressure: 1013.982, temp: 22.46348,  time: 17172.61
pressure: 1013.982, temp: 22.46348,  time: 17187.83
pressure: 1013.714, temp: 22.46348,  time: 17203.13
pressure: 1013.982, temp: 22.46348,  time: 17218.37
pressure: 1013.714, temp: 22.46348,  time: 17233.74
pressure: 1013.714, temp: 22.46348,  time: 17248.97
pressure: 1013.714, temp: 22.46348,  time: 17264.31
pressure: 1013.714, temp: 22.46348,  time: 17279.59
pressure: 1013.714, temp: 22.46348,  time: 17294.95
pressure: 1013.179, temp: 22.46348,  time: 17310.24
pressure: 1013.447, temp: 22.46348,  time: 17325.55
pressure: 1014.013, temp: 22.48053,  time: 17340.87
pressure: 1013.745, temp: 22.48053,  time: 17356.2
pressure: 1013.745, temp: 22.48053,  time: 17371.4
pressure: 1013.415, temp: 22.44642,  time: 17386.76
pressure: 1013.478, temp: 22.48053,  time: 17402.0
pressure: 1013.714, temp: 22.46348,  time: 17417.32
pressure: 1013.714, temp: 22.46348,  time: 17432.55
pressure: 1013.478, temp: 22.48053,  time: 17447.87
pressure: 1013.745, temp: 22.48053,  time: 17463.11
pressure: 1013.478, temp: 22.48053,  time: 17478.52
pressure: 1013.211, temp: 22.48053,  time: 17493.78
pressure: 1013.51, temp: 22.49759,  time: 17509.13
pressure: 1013.51, temp: 22.49759,  time: 17524.38
pressure: 1013.777, temp: 22.49759,  time: 17539.74
pressure: 1013.777, temp: 22.49759,  time: 17555.07
pressure: 1013.745, temp: 22.48053,  time: 17570.4
pressure: 1013.51, temp: 22.49759,  time: 17585.68
pressure: 1013.51, temp: 22.49759,  time: 17601.01
pressure: 1013.777, temp: 22.49759,  time: 17616.26
pressure: 1013.51, temp: 22.49759,  time: 17631.66
pressure: 1013.478, temp: 22.48053,  time: 17646.91
pressure: 1013.777, temp: 22.49759,  time: 17662.25
pressure: 1013.777, temp: 22.49759,  time: 17677.52
pressure: 1013.777, temp: 22.49759,  time: 17692.91
pressure: 1013.808, temp: 22.51464,  time: 17708.19
pressure: 1013.51, temp: 22.49759,  time: 17723.61
pressure: 1013.808, temp: 22.51464,  time: 17738.89
pressure: 1013.242, temp: 22.49759,  time: 17754.24
pressure: 1013.51, temp: 22.49759,  time: 17769.54
pressure: 1013.51, temp: 22.49759,  time: 17784.9
pressure: 1013.777, temp: 22.49759,  time: 17800.26
pressure: 1013.808, temp: 22.51464,  time: 17815.45
pressure: 1013.808, temp: 22.51464,  time: 17830.6
pressure: 1013.273, temp: 22.51464,  time: 17845.83
pressure: 1013.777, temp: 22.49759,  time: 17860.93
pressure: 1013.808, temp: 22.51464,  time: 17876.17
pressure: 1013.541, temp: 22.51464,  time: 17891.3
pressure: 1013.242, temp: 22.49759,  time: 17906.56
pressure: 1013.541, temp: 22.51464,  time: 17921.7
pressure: 1013.541, temp: 22.51464,  time: 17936.91
pressure: 1013.808, temp: 22.51464,  time: 17952.06
pressure: 1013.808, temp: 22.51464,  time: 17967.32
pressure: 1013.541, temp: 22.51464,  time: 17982.47
pressure: 1013.541, temp: 22.51464,  time: 17997.69
pressure: 1013.51, temp: 22.49759,  time: 18012.82
pressure: 1013.573, temp: 22.5317,  time: 18028.06
pressure: 1013.273, temp: 22.51464,  time: 18043.3
pressure: 1013.808, temp: 22.51464,  time: 18058.5
pressure: 1013.84, temp: 22.5317,  time: 18073.66
pressure: 1013.808, temp: 22.51464,  time: 18088.88
pressure: 1013.573, temp: 22.5317,  time: 18104.02
pressure: 1013.573, temp: 22.5317,  time: 18119.35
pressure: 1013.273, temp: 22.51464,  time: 18134.47
pressure: 1013.573, temp: 22.5317,  time: 18149.68
pressure: 1013.273, temp: 22.51464,  time: 18164.78
pressure: 1013.273, temp: 22.51464,  time: 18180.0
pressure: 1013.541, temp: 22.51464,  time: 18195.12
pressure: 1013.84, temp: 22.5317,  time: 18222.33
pressure: 1013.305, temp: 22.5317,  time: 18237.55
pressure: 1013.573, temp: 22.5317,  time: 18252.69
pressure: 1013.51, temp: 22.49759,  time: 18267.96
pressure: 1013.037, temp: 22.5317,  time: 18283.11
pressure: 1013.573, temp: 22.5317,  time: 18298.34
pressure: 1013.305, temp: 22.5317,  time: 18313.51
pressure: 1013.037, temp: 22.5317,  time: 18328.77
pressure: 1013.336, temp: 22.54876,  time: 18343.88
pressure: 1013.573, temp: 22.5317,  time: 18359.09
pressure: 1013.305, temp: 22.5317,  time: 18374.27
pressure: 1013.573, temp: 22.5317,  time: 18389.51
pressure: 1013.006, temp: 22.51464,  time: 18404.63
pressure: 1013.305, temp: 22.5317,  time: 18419.83
pressure: 1013.006, temp: 22.51464,  time: 18434.96
pressure: 1013.273, temp: 22.51464,  time: 18450.25
pressure: 1013.541, temp: 22.51464,  time: 18465.37
pressure: 1013.273, temp: 22.51464,  time: 18480.61
pressure: 1013.305, temp: 22.5317,  time: 18495.74
pressure: 1013.336, temp: 22.54876,  time: 18511.0
pressure: 1013.242, temp: 22.49759,  time: 18526.23
pressure: 1013.037, temp: 22.5317,  time: 18541.49
pressure: 1013.305, temp: 22.5317,  time: 18556.68
pressure: 1013.305, temp: 22.5317,  time: 18571.95
pressure: 1013.808, temp: 22.51464,  time: 18587.09
pressure: 1013.273, temp: 22.51464,  time: 18602.3
pressure: 1013.573, temp: 22.5317,  time: 18617.46
pressure: 1013.336, temp: 22.54876,  time: 18632.7
pressure: 1013.037, temp: 22.5317,  time: 18647.81
pressure: 1013.305, temp: 22.5317,  time: 18663.05
pressure: 1013.604, temp: 22.54876,  time: 18678.18
pressure: 1013.573, temp: 22.5317,  time: 18693.47
pressure: 1013.069, temp: 22.54876,  time: 18708.63
pressure: 1013.336, temp: 22.54876,  time: 18723.91
pressure: 1013.069, temp: 22.54876,  time: 18739.08
pressure: 1013.604, temp: 22.54876,  time: 18754.34
pressure: 1013.336, temp: 22.54876,  time: 18769.56
pressure: 1013.336, temp: 22.54876,  time: 18784.79
pressure: 1013.604, temp: 22.54876,  time: 18799.97
pressure: 1013.336, temp: 22.54876,  time: 18815.26
pressure: 1013.336, temp: 22.54876,  time: 18830.38
pressure: 1013.604, temp: 22.54876,  time: 18845.62
pressure: 1013.336, temp: 22.54876,  time: 18860.82
pressure: 1013.305, temp: 22.5317,  time: 18876.08
pressure: 1013.305, temp: 22.5317,  time: 18891.23
pressure: 1013.069, temp: 22.54876,  time: 18906.49
pressure: 1012.801, temp: 22.54876,  time: 18921.68
pressure: 1012.77, temp: 22.5317,  time: 18937.06
pressure: 1013.336, temp: 22.54876,  time: 18952.23
pressure: 1013.368, temp: 22.56581,  time: 18967.49
pressure: 1013.336, temp: 22.54876,  time: 18982.67
pressure: 1013.604, temp: 22.54876,  time: 18997.96
pressure: 1013.037, temp: 22.5317,  time: 19013.19
pressure: 1013.037, temp: 22.5317,  time: 19028.46
pressure: 1013.573, temp: 22.5317,  time: 19043.63
pressure: 1013.871, temp: 22.54876,  time: 19058.95
pressure: 1013.305, temp: 22.5317,  time: 19074.13
pressure: 1013.037, temp: 22.5317,  time: 19089.39
pressure: 1013.305, temp: 22.5317,  time: 19104.62
pressure: 1013.305, temp: 22.5317,  time: 19119.94
pressure: 1013.305, temp: 22.5317,  time: 19135.17
pressure: 1013.305, temp: 22.5317,  time: 19150.46
pressure: 1013.037, temp: 22.5317,  time: 19165.68
pressure: 1012.77, temp: 22.5317,  time: 19181.04
pressure: 1013.305, temp: 22.5317,  time: 19196.22
pressure: 1013.037, temp: 22.5317,  time: 19211.57
pressure: 1013.573, temp: 22.5317,  time: 19226.75
pressure: 1013.305, temp: 22.5317,  time: 19242.04
pressure: 1013.037, temp: 22.5317,  time: 19257.27
pressure: 1013.305, temp: 22.5317,  time: 19272.56
pressure: 1013.006, temp: 22.51464,  time: 19287.74
pressure: 1013.305, temp: 22.5317,  time: 19303.1
pressure: 1013.273, temp: 22.51464,  time: 19318.26
pressure: 1013.573, temp: 22.5317,  time: 19333.57
pressure: 1013.273, temp: 22.51464,  time: 19348.81
pressure: 1013.037, temp: 22.5317,  time: 19364.1
pressure: 1013.006, temp: 22.51464,  time: 19379.26
pressure: 1013.336, temp: 22.54876,  time: 19394.52
pressure: 1013.604, temp: 22.54876,  time: 19409.72
pressure: 1013.305, temp: 22.5317,  time: 19425.04
pressure: 1013.037, temp: 22.5317,  time: 19440.22
pressure: 1013.069, temp: 22.54876,  time: 19455.53
pressure: 1013.273, temp: 22.51464,  time: 19470.7
pressure: 1013.006, temp: 22.51464,  time: 19485.99
pressure: 1013.037, temp: 22.5317,  time: 19501.21
pressure: 1013.037, temp: 22.5317,  time: 19516.47
pressure: 1013.305, temp: 22.5317,  time: 19531.67
pressure: 1013.006, temp: 22.51464,  time: 19547.04
pressure: 1013.305, temp: 22.5317,  time: 19562.23
pressure: 1013.273, temp: 22.51464,  time: 19577.49
pressure: 1013.037, temp: 22.5317,  time: 19592.73
pressure: 1013.541, temp: 22.51464,  time: 19608.01
pressure: 1013.006, temp: 22.51464,  time: 19623.18
pressure: 1012.975, temp: 22.49759,  time: 19638.46
pressure: 1013.242, temp: 22.49759,  time: 19653.65
pressure: 1013.273, temp: 22.51464,  time: 19669.0
pressure: 1012.739, temp: 22.51464,  time: 19684.2
pressure: 1013.242, temp: 22.49759,  time: 19699.47
pressure: 1013.541, temp: 22.51464,  time: 19714.66
pressure: 1013.006, temp: 22.51464,  time: 19729.99
pressure: 1013.006, temp: 22.51464,  time: 19745.28
pressure: 1012.975, temp: 22.49759,  time: 19760.59
pressure: 1012.975, temp: 22.49759,  time: 19775.85
pressure: 1013.541, temp: 22.51464,  time: 19791.18
pressure: 1012.975, temp: 22.49759,  time: 19806.37
pressure: 1012.739, temp: 22.51464,  time: 19821.65
pressure: 1012.975, temp: 22.49759,  time: 19836.88
pressure: 1012.975, temp: 22.49759,  time: 19852.16
pressure: 1013.006, temp: 22.51464,  time: 19867.35
pressure: 1013.006, temp: 22.51464,  time: 19882.66
pressure: 1012.975, temp: 22.49759,  time: 19897.86
pressure: 1013.541, temp: 22.51464,  time: 19913.21
pressure: 1012.739, temp: 22.51464,  time: 19928.43
pressure: 1012.739, temp: 22.51464,  time: 19943.63
pressure: 1013.273, temp: 22.51464,  time: 19958.68
pressure: 1013.273, temp: 22.51464,  time: 19973.84
pressure: 1012.975, temp: 22.49759,  time: 19988.96
pressure: 1012.975, temp: 22.49759,  time: 20004.11
pressure: 1013.242, temp: 22.49759,  time: 20019.17
pressure: 1013.242, temp: 22.49759,  time: 20034.35
pressure: 1013.51, temp: 22.49759,  time: 20049.39
pressure: 1012.975, temp: 22.49759,  time: 20064.55
pressure: 1012.975, temp: 22.49759,  time: 20079.65
pressure: 1012.975, temp: 22.49759,  time: 20094.81
pressure: 1013.541, temp: 22.51464,  time: 20109.86
pressure: 1013.006, temp: 22.51464,  time: 20125.03
pressure: 1013.006, temp: 22.51464,  time: 20140.13
pressure: 1013.273, temp: 22.51464,  time: 20155.37
pressure: 1013.242, temp: 22.49759,  time: 20170.44
pressure: 1012.975, temp: 22.49759,  time: 20185.61
pressure: 1013.242, temp: 22.49759,  time: 20200.69
pressure: 1013.006, temp: 22.51464,  time: 20215.89
pressure: 1013.006, temp: 22.51464,  time: 20231.01
pressure: 1013.242, temp: 22.49759,  time: 20246.18
pressure: 1012.975, temp: 22.49759,  time: 20261.26
pressure: 1013.242, temp: 22.49759,  time: 20276.47
pressure: 1012.707, temp: 22.49759,  time: 20291.55
pressure: 1013.242, temp: 22.49759,  time: 20306.74
pressure: 1013.006, temp: 22.51464,  time: 20321.86
pressure: 1013.51, temp: 22.49759,  time: 20337.08
pressure: 1013.242, temp: 22.49759,  time: 20352.2
pressure: 1012.707, temp: 22.49759,  time: 20367.41
pressure: 1013.273, temp: 22.51464,  time: 20382.49
pressure: 1012.975, temp: 22.49759,  time: 20397.78
pressure: 1012.707, temp: 22.49759,  time: 20412.88
pressure: 1012.975, temp: 22.49759,  time: 20428.04
pressure: 1013.006, temp: 22.51464,  time: 20443.13
pressure: 1013.273, temp: 22.51464,  time: 20458.3
pressure: 1012.739, temp: 22.51464,  time: 20473.48
pressure: 1012.975, temp: 22.49759,  time: 20488.65
pressure: 1012.975, temp: 22.49759,  time: 20503.72
pressure: 1013.273, temp: 22.51464,  time: 20518.93
pressure: 1013.51, temp: 22.49759,  time: 20534.02
pressure: 1013.006, temp: 22.51464,  time: 20549.22
pressure: 1013.006, temp: 22.51464,  time: 20564.34
pressure: 1012.975, temp: 22.49759,  time: 20579.5
pressure: 1013.006, temp: 22.51464,  time: 20594.58
pressure: 1013.242, temp: 22.49759,  time: 20609.77
pressure: 1012.975, temp: 22.49759,  time: 20624.84
pressure: 1012.975, temp: 22.49759,  time: 20640.11
pressure: 1012.975, temp: 22.49759,  time: 20655.17
pressure: 1013.006, temp: 22.51464,  time: 20670.33
pressure: 1012.975, temp: 22.49759,  time: 20685.41
pressure: 1013.006, temp: 22.51464,  time: 20700.58
pressure: 1012.739, temp: 22.51464,  time: 20715.7
pressure: 1013.273, temp: 22.51464,  time: 20730.9
pressure: 1013.273, temp: 22.51464,  time: 20746.01
pressure: 1013.273, temp: 22.51464,  time: 20761.23
pressure: 1012.975, temp: 22.49759,  time: 20776.29
pressure: 1013.037, temp: 22.5317,  time: 20791.47
pressure: 1012.739, temp: 22.51464,  time: 20806.61
pressure: 1013.006, temp: 22.51464,  time: 20821.78
pressure: 1012.739, temp: 22.51464,  time: 20836.87
pressure: 1012.739, temp: 22.51464,  time: 20852.04
pressure: 1013.037, temp: 22.5317,  time: 20867.12
pressure: 1013.006, temp: 22.51464,  time: 20882.36
pressure: 1012.471, temp: 22.51464,  time: 20897.45
pressure: 1012.77, temp: 22.5317,  time: 20912.64
pressure: 1013.037, temp: 22.5317,  time: 20927.76
pressure: 1012.739, temp: 22.51464,  time: 20943.01
pressure: 1012.739, temp: 22.51464,  time: 20958.17
pressure: 1012.975, temp: 22.49759,  time: 20973.41
pressure: 1013.006, temp: 22.51464,  time: 20988.5
pressure: 1013.037, temp: 22.5317,  time: 21003.73
pressure: 1013.037, temp: 22.5317,  time: 21018.8
pressure: 1012.77, temp: 22.5317,  time: 21033.98
pressure: 1013.006, temp: 22.51464,  time: 21049.11
pressure: 1012.77, temp: 22.5317,  time: 21064.28
pressure: 1012.77, temp: 22.5317,  time: 21079.37
pressure: 1013.037, temp: 22.5317,  time: 21094.55
pressure: 1012.77, temp: 22.5317,  time: 21109.64
pressure: 1012.739, temp: 22.51464,  time: 21124.92
pressure: 1012.77, temp: 22.5317,  time: 21140.06
pressure: 1012.77, temp: 22.5317,  time: 21155.28
pressure: 1012.77, temp: 22.5317,  time: 21170.37
pressure: 1013.305, temp: 22.5317,  time: 21185.58
pressure: 1012.801, temp: 22.54876,  time: 21200.75
pressure: 1012.77, temp: 22.5317,  time: 21215.95
pressure: 1013.336, temp: 22.54876,  time: 21231.06
pressure: 1012.77, temp: 22.5317,  time: 21246.31
pressure: 1013.037, temp: 22.5317,  time: 21261.42
pressure: 1012.503, temp: 22.5317,  time: 21276.62
pressure: 1012.503, temp: 22.5317,  time: 21291.78
pressure: 1012.801, temp: 22.54876,  time: 21306.98
pressure: 1012.534, temp: 22.54876,  time: 21322.14
pressure: 1012.503, temp: 22.5317,  time: 21337.36
pressure: 1012.77, temp: 22.5317,  time: 21352.48
pressure: 1012.77, temp: 22.5317,  time: 21367.74
pressure: 1012.77, temp: 22.5317,  time: 21382.88
pressure: 1012.801, temp: 22.54876,  time: 21398.1
pressure: 1012.534, temp: 22.54876,  time: 21413.23
pressure: 1012.739, temp: 22.51464,  time: 21428.43
pressure: 1013.305, temp: 22.5317,  time: 21443.61
pressure: 1012.77, temp: 22.5317,  time: 21458.83
pressure: 1012.77, temp: 22.5317,  time: 21473.96
pressure: 1013.006, temp: 22.51464,  time: 21489.22
pressure: 1013.037, temp: 22.5317,  time: 21504.37
pressure: 1013.037, temp: 22.5317,  time: 21519.63
pressure: 1013.273, temp: 22.51464,  time: 21534.82
pressure: 1012.77, temp: 22.5317,  time: 21550.04
pressure: 1013.006, temp: 22.51464,  time: 21565.23
pressure: 1013.037, temp: 22.5317,  time: 21580.44
pressure: 1012.707, temp: 22.49759,  time: 21595.58
pressure: 1013.273, temp: 22.51464,  time: 21610.83
pressure: 1012.739, temp: 22.51464,  time: 21625.95
pressure: 1013.037, temp: 22.5317,  time: 21641.17
pressure: 1013.069, temp: 22.54876,  time: 21656.33
pressure: 1012.77, temp: 22.5317,  time: 21671.52
pressure: 1012.503, temp: 22.5317,  time: 21686.7
pressure: 1012.77, temp: 22.5317,  time: 21701.93
pressure: 1012.739, temp: 22.51464,  time: 21717.11
pressure: 1012.77, temp: 22.5317,  time: 21732.37
pressure: 1012.77, temp: 22.5317,  time: 21747.5
pressure: 1012.77, temp: 22.5317,  time: 21762.73
pressure: 1013.037, temp: 22.5317,  time: 21777.9
pressure: 1012.204, temp: 22.51464,  time: 21793.13
pressure: 1013.336, temp: 22.54876,  time: 21808.26
pressure: 1012.503, temp: 22.5317,  time: 21823.51
pressure: 1012.77, temp: 22.5317,  time: 21838.61
pressure: 1012.801, temp: 22.54876,  time: 21853.87
pressure: 1012.503, temp: 22.5317,  time: 21868.98
pressure: 1013.305, temp: 22.5317,  time: 21884.2
pressure: 1013.1, temp: 22.56581,  time: 21899.33
pressure: 1013.037, temp: 22.5317,  time: 21914.6
pressure: 1012.801, temp: 22.54876,  time: 21929.8
pressure: 1012.801, temp: 22.54876,  time: 21945.02
pressure: 1012.833, temp: 22.56581,  time: 21960.15
pressure: 1012.833, temp: 22.56581,  time: 21975.41
pressure: 1012.267, temp: 22.54876,  time: 21990.56
pressure: 1012.534, temp: 22.54876,  time: 22005.77
pressure: 1012.534, temp: 22.54876,  time: 22020.95
pressure: 1012.565, temp: 22.56581,  time: 22036.17
pressure: 1013.1, temp: 22.56581,  time: 22051.32
pressure: 1013.1, temp: 22.56581,  time: 22066.54
pressure: 1012.833, temp: 22.56581,  time: 22081.68
pressure: 1012.833, temp: 22.56581,  time: 22096.97
pressure: 1013.1, temp: 22.56581,  time: 22112.16
pressure: 1013.1, temp: 22.56581,  time: 22127.41
pressure: 1013.1, temp: 22.56581,  time: 22142.55
pressure: 1012.77, temp: 22.5317,  time: 22157.78
pressure: 1012.77, temp: 22.5317,  time: 22173.01
pressure: 1012.833, temp: 22.56581,  time: 22188.3
pressure: 1012.534, temp: 22.54876,  time: 22203.43
pressure: 1013.069, temp: 22.54876,  time: 22218.69
pressure: 1012.801, temp: 22.54876,  time: 22233.84
pressure: 1013.069, temp: 22.54876,  time: 22249.06
pressure: 1012.565, temp: 22.56581,  time: 22264.26
pressure: 1012.77, temp: 22.5317,  time: 22279.5
pressure: 1012.801, temp: 22.54876,  time: 22294.68
pressure: 1012.503, temp: 22.5317,  time: 22309.95
pressure: 1012.739, temp: 22.51464,  time: 22325.11
pressure: 1012.503, temp: 22.5317,  time: 22340.4
pressure: 1012.503, temp: 22.5317,  time: 22355.58
pressure: 1013.037, temp: 22.5317,  time: 22370.83
pressure: 1013.037, temp: 22.5317,  time: 22385.99
pressure: 1012.739, temp: 22.51464,  time: 22401.23
pressure: 1012.707, temp: 22.49759,  time: 22416.44
pressure: 1012.471, temp: 22.51464,  time: 22431.69
pressure: 1012.44, temp: 22.49759,  time: 22446.85
pressure: 1012.739, temp: 22.51464,  time: 22462.13
pressure: 1012.44, temp: 22.49759,  time: 22477.3
pressure: 1012.739, temp: 22.51464,  time: 22492.6
pressure: 1012.707, temp: 22.49759,  time: 22507.83
pressure: 1012.471, temp: 22.51464,  time: 22523.08
pressure: 1012.471, temp: 22.51464,  time: 22538.27
pressure: 1013.037, temp: 22.5317,  time: 22553.54
pressure: 1012.503, temp: 22.5317,  time: 22568.73
pressure: 1012.77, temp: 22.5317,  time: 22584.05
pressure: 1012.503, temp: 22.5317,  time: 22599.23
pressure: 1012.471, temp: 22.51464,  time: 22614.51
pressure: 1012.77, temp: 22.5317,  time: 22629.71
pressure: 1012.503, temp: 22.5317,  time: 22644.97
pressure: 1012.739, temp: 22.51464,  time: 22660.23
pressure: 1012.77, temp: 22.5317,  time: 22675.52
pressure: 1012.534, temp: 22.54876,  time: 22690.76
pressure: 1012.77, temp: 22.5317,  time: 22706.09
pressure: 1012.77, temp: 22.5317,  time: 22721.29
pressure: 1012.534, temp: 22.54876,  time: 22736.58
pressure: 1013.037, temp: 22.5317,  time: 22751.86
pressure: 1012.801, temp: 22.54876,  time: 22767.14
pressure: 1012.801, temp: 22.54876,  time: 22782.33
pressure: 1012.801, temp: 22.54876,  time: 22797.59
pressure: 1012.534, temp: 22.54876,  time: 22812.78
pressure: 1013.069, temp: 22.54876,  time: 22828.1
pressure: 1013.1, temp: 22.56581,  time: 22843.34
pressure: 1012.801, temp: 22.54876,  time: 22858.6
pressure: 1012.267, temp: 22.54876,  time: 22873.79
pressure: 1012.565, temp: 22.56581,  time: 22889.1
pressure: 1012.534, temp: 22.54876,  time: 22904.35
pressure: 1012.77, temp: 22.5317,  time: 22919.61
pressure: 1012.534, temp: 22.54876,  time: 22934.8
pressure: 1012.801, temp: 22.54876,  time: 22950.12
pressure: 1012.267, temp: 22.54876,  time: 22965.3
pressure: 1013.1, temp: 22.56581,  time: 22980.57
pressure: 1013.069, temp: 22.54876,  time: 22995.84
pressure: 1012.267, temp: 22.54876,  time: 23011.09
pressure: 1012.534, temp: 22.54876,  time: 23026.25
pressure: 1012.534, temp: 22.54876,  time: 23041.49
pressure: 1012.565, temp: 22.56581,  time: 23068.86
pressure: 1012.565, temp: 22.56581,  time: 23084.06
pressure: 1012.534, temp: 22.54876,  time: 23099.37
